"","cx_best","cy_best","cx_avg","cy_avg","cx_worst","cy_worst","income_group_level","PUMA10","netBest","netAvg","netWorst","count"
"1",599.843137254902,20.6624685498869,577.627450980392,-17.9938954669496,476.196078431373,-18.5007519572973,"$10,000 to $14,999",10100,599.843137254902,577.627450980392,476.196078431373,51
"2",513.329268292683,14.8077810555696,490.268292682927,-13.4194919471879,385.109756097561,-13.99954922469,"$15,000 to $19,999",10100,513.329268292683,490.268292682927,385.109756097561,82
"3",309.078313253012,11.0521729731923,286.644578313253,-12.9566985789446,184.572289156627,-9.94953425431582,"$20,000 to $29,999",10100,309.078313253012,286.644578313253,184.572289156627,166
"4",283.575757575758,6.67731748819037,260.30303030303,-7.0349482446909,154.252525252525,-9.74889610367603,"$30,000 to $39,999",10100,283.575757575758,260.30303030303,154.252525252525,198
"5",117.962162162162,23.0981276695221,93.7783783783784,-5.13096198286907,-16.3513513513513,-7.98614202439785,"$40,000 to $49,999",10100,117.962162162162,93.7783783783784,-16.3513513513514,185
"6",423.547619047619,21.1121361553669,399.619047619048,20.6587715595961,290.190476190476,20.6587715595961,"$5,000 to $9,999",10100,423.547619047619,399.619047619048,290.190476190476,42
"7",86.4302325581396,36.7758844498841,62.7348837209302,-53.2990200973951,-45.1697674418605,-1.43529675809401,"$50,000 to $69,999",10100,86.4302325581395,62.7348837209302,-45.1697674418605,430
"8",31.140655105973,-71.8103736307231,6.66088631984584,21.7644415152995,-104.832369942197,-55.603020511984,"$70,000 or More",10100,31.140655105973,6.66088631984586,-104.832369942197,1038
"9",2.30769230769232,21.9596894979477,-21.8205128205128,-49.2944766335986,-132.025641025641,-57.6709867310885,"Less than $5,000",10100,2.30769230769231,-21.8205128205128,-132.025641025641,39
"10",522.07476635514,-12.917662113905,478.345794392523,-12.0465680360794,395.280373831776,-12.9486013703734,"$10,000 to $14,999",10200,522.07476635514,478.345794392523,395.280373831776,107
"11",404.664122137405,-11.4944100695139,356.18320610687,-10.3926186561584,263.916030534351,-11.9849662949088,"$15,000 to $19,999",10200,404.664122137405,356.18320610687,263.916030534351,131
"12",331.431034482759,4.17721454799175,286.534482758621,2.19547560174415,201.091954022988,3.51363988220692,"$20,000 to $29,999",10200,331.431034482759,286.534482758621,201.091954022989,348
"13",255.832997987928,3.13780677799886,210.088531187123,-1.57556484849741,123.1046277666,-7.71121452059579,"$30,000 to $39,999",10200,255.832997987928,210.088531187123,123.1046277666,497
"14",110.900423728814,4.80941074011611,64.1059322033898,-34.0822070188656,-24.9512711864407,5.44348679919652,"$40,000 to $49,999",10200,110.900423728814,64.1059322033898,-24.9512711864407,472
"15",407.864197530864,-7.50931171038027,360.543209876543,14.4259374439716,270.493827160494,14.4259374439716,"$5,000 to $9,999",10200,407.864197530864,360.543209876543,270.493827160494,81
"16",32.6153846153846,78.0049743019144,-13.7149321266968,53.1514099168488,-101.845022624434,44.6035412577894,"$50,000 to $69,999",10200,32.6153846153846,-13.7149321266968,-101.845022624434,884
"17",60.6520833333333,7.97146577759338,12.9295833333333,72.1024073159653,-77.8275,-29.6420288929335,"$70,000 or More",10200,60.6520833333333,12.9295833333333,-77.8275,2400
"18",-0.785714285714306,-21.8337220818899,-45.2619047619048,39.057504004585,-129.845238095238,76.1938098901257,"Less than $5,000",10200,-0.785714285714286,-45.2619047619048,-129.845238095238,84
"19",642.59375,17.7274253182964,626.75,-16.6325585246086,582.390625,-16.5819382495533,"$10,000 to $14,999",10300,642.59375,626.75,582.390625,64
"20",656.767441860465,-14.5995626300573,639.744186046512,13.9478576630354,592.011627906977,12.2346103685094,"$15,000 to $19,999",10300,656.767441860465,639.744186046512,592.011627906977,86
"21",436.704724409449,9.09983544217499,419.551181102362,-5.56005059182644,371.700787401575,-4.0333891467636,"$20,000 to $29,999",10300,436.704724409449,419.551181102362,371.700787401575,254
"22",387.142335766423,5.6124044843306,368.478102189781,-4.78935400280218,316.642335766423,-3.35635674076634,"$30,000 to $39,999",10300,387.142335766423,368.478102189781,316.642335766423,274
"23",209.894308943089,-15.5083923406943,189.29674796748,-9.88682491124781,132.272357723577,-6.02649980300089,"$40,000 to $49,999",10300,209.894308943089,189.29674796748,132.272357723577,246
"24",432.905660377359,-19.2357002943754,415.88679245283,-18.3872307687998,368.415094339623,-18.3872307687998,"$5,000 to $9,999",10300,432.905660377359,415.88679245283,368.415094339623,53
"25",133.502212389381,5.37317447266423,112.995575221239,4.18366490968297,56.3517699115044,-25.8923424329737,"$50,000 to $69,999",10300,133.502212389381,112.995575221239,56.3517699115044,452
"26",86.8956422018348,-51.8337045399649,65.2373853211009,43.2559963643403,5.52293577981652,10.3626291734724,"$70,000 or More",10300,86.8956422018349,65.2373853211009,5.52293577981651,872
"27",25.2894736842105,-49.603713599214,9.36842105263159,-48.5880394833022,-35.5526315789474,-21.4830992370844,"Less than $5,000",10300,25.2894736842105,9.36842105263158,-35.5526315789474,38
"28",512.965517241379,-25.9590228646994,498,24.3448223091034,405.413793103448,24.6980539481616,"$10,000 to $14,999",10400,512.965517241379,498,405.413793103448,29
"29",492.938775510204,-19.7593948096037,474.897959183674,18.8313510864973,364.102040816326,18.8313510864973,"$15,000 to $19,999",10400,492.938775510204,474.897959183673,364.102040816327,49
"30",426.296,11.3004014343023,408.584,-6.50439288130286,300.208,-10.6702089905739,"$20,000 to $29,999",10400,426.296,408.584,300.208,125
"31",394.274336283186,-12.4354277104139,374.566371681416,13.4566380287448,254.300884955752,13.3026896515744,"$30,000 to $39,999",10400,394.274336283186,374.566371681416,254.300884955752,113
"32",178.938596491228,12.2753036469221,161.122807017544,-13.6836869818814,51.9035087719298,-13.690431494015,"$40,000 to $49,999",10400,178.938596491228,161.122807017544,51.9035087719298,114
"33",341.65625,-24.4251788407564,324.625,-23.5078415870667,220,-23.5078415870667,"$5,000 to $9,999",10400,341.65625,324.625,220,32
"34",56.1779141104295,33.8635935128641,36.2515337423313,-13.5546444266243,-85.3558282208589,-42.9622520225851,"$50,000 to $69,999",10400,56.1779141104294,36.2515337423313,-85.3558282208589,163
"35",77.7330827067669,17.2550755083916,57.3947368421053,-45.8985147150402,-66.703007518797,-10.6144176323404,"$70,000 or More",10400,77.7330827067669,57.3947368421053,-66.703007518797,266
"36",110.642857142857,26.2438993155956,92.0714285714286,-28.9689298569755,-21.8928571428572,-24.7355067878962,"Less than $5,000",10400,110.642857142857,92.0714285714286,-21.8928571428571,28
"37",634.35294117647,-29.4975964576006,579.470588235294,28.3492517918348,523.470588235294,28.3492517918348,"$10,000 to $14,999",10501,634.352941176471,579.470588235294,523.470588235294,17
"38",438.676470588235,23.7315553873777,389.911764705882,-22.8078756630421,340.147058823529,-22.8078756630421,"$15,000 to $19,999",10501,438.676470588235,389.911764705882,340.147058823529,34
"39",410.854545454545,-23.3833134473605,357.254545454546,18.1024855673313,302.654545454545,18.1024855673313,"$20,000 to $29,999",10501,410.854545454545,357.254545454545,302.654545454545,55
"40",353.118644067797,17.826856970787,295.847457627119,17.3271707445383,237.406779661017,17.3271707445383,"$30,000 to $39,999",10501,353.118644067797,295.847457627119,237.406779661017,59
"41",141.507936507937,17.2944227606058,85.4761904761905,21.8830973446928,28.2698412698413,23.703077659374,"$40,000 to $49,999",10501,141.507936507937,85.4761904761905,28.2698412698413,63
"42",475.947368421053,28.8608645796776,422.368421052632,27.8211347907782,367.842105263158,27.8211347907782,"$5,000 to $9,999",10501,475.947368421053,422.368421052632,367.842105263158,19
"43",78.1764705882353,-9.98974946517832,24.1764705882353,8.39641307256268,-30.9509803921569,-15.5644601414754,"$50,000 to $69,999",10501,78.1764705882353,24.1764705882353,-30.9509803921569,102
"44",-16.9040404040404,7.73081214725971,-74.6161616161616,7.02393184602261,-133.727272727273,9.78547081024138,"$70,000 or More",10501,-16.9040404040404,-74.6161616161616,-133.727272727273,198
"45",39.9285714285714,-64.8694446520877,-1.35714285714286,44.1936293006151,-43.3571428571429,29.0147488713264,"Less than $5,000",10501,39.9285714285714,-1.35714285714286,-43.3571428571429,14
"46",640.085365853658,14.2795168369695,617.365853658536,-14.2236203104258,536.317073170732,-14.2236203104258,"$10,000 to $14,999",10502,640.085365853659,617.365853658537,536.317073170732,82
"47",518.417721518987,15.422508046031,496.949367088608,15.6426747311808,420.708860759494,14.5732896439914,"$15,000 to $19,999",10502,518.417721518987,496.949367088608,420.708860759494,79
"48",462.384210526316,8.38711984455585,439.447368421053,-7.67774851620197,358.063157894737,-10.1856592242393,"$20,000 to $29,999",10502,462.384210526316,439.447368421053,358.063157894737,190
"49",268.719806763285,-5.77478037391757,246.700483091787,5.99765515458984,168.666666666667,5.01366427790668,"$30,000 to $39,999",10502,268.719806763285,246.700483091787,168.666666666667,207
"50",34.5867346938776,-14.9617931589281,10.9132653061224,1.00153027676944,-73.1530612244898,-44.602664556514,"$40,000 to $49,999",10502,34.5867346938776,10.9132653061224,-73.1530612244898,196
"51",524.833333333333,16.1812148113962,501.333333333333,17.0438829213381,417.516666666667,17.2384066317336,"$5,000 to $9,999",10502,524.833333333333,501.333333333333,417.516666666667,60
"52",-9.55434782608697,-2.95710116597682,-32.3831521739131,49.442546370531,-113.228260869565,20.5554411118321,"$50,000 to $69,999",10502,-9.55434782608696,-32.383152173913,-113.228260869565,368
"53",4.51757575757577,-11.7423989794059,-21.4969696969697,37.0607410283659,-114.141818181818,-79.9912829661135,"$70,000 or More",10502,4.51757575757576,-21.4969696969697,-114.141818181818,825
"54",51.0851063829787,29.8294293784543,23.4255319148936,62.9051657990685,-75.5957446808511,42.9231786305034,"Less than $5,000",10502,51.0851063829787,23.4255319148936,-75.5957446808511,47
"55",610.666666666667,18.2358705848455,576.070175438596,17.7564941644669,482.280701754386,17.1470669558442,"$10,000 to $14,999",10503,610.666666666667,576.070175438596,482.280701754386,57
"56",412.923076923077,19.2730807811022,380.730769230769,18.4025924950838,293.442307692308,18.4025924950838,"$15,000 to $19,999",10503,412.923076923077,380.730769230769,293.442307692308,52
"57",426,-6.73686105211257,395.071428571428,11.2390752339948,311.392857142857,7.44831872050116,"$20,000 to $29,999",10503,426,395.071428571429,311.392857142857,140
"58",257.424242424242,11.7771150273862,227.187878787879,-5.81080953715536,145.49696969697,-12.5935249788473,"$30,000 to $39,999",10503,257.424242424242,227.187878787879,145.49696969697,165
"59",126.037037037037,-13.4785456079293,94.4938271604938,21.4737940126415,9.29012345679013,20.230108450076,"$40,000 to $49,999",10503,126.037037037037,94.4938271604938,9.29012345679012,162
"60",527.405405405406,22.7113778417752,495.621621621622,-22.9543326429232,409.648648648649,-20.7858438479934,"$5,000 to $9,999",10503,527.405405405405,495.621621621622,409.648648648649,37
"61",23.0515151515152,-6.71457830433093,-10.969696969697,-30.7996200440206,-103.10303030303,-5.6150229190754,"$50,000 to $69,999",10503,23.0515151515152,-10.969696969697,-103.10303030303,330
"62",-5.95956873315367,8.07786555076277,-41.6415094339623,3.12666846834129,-138.346361185984,-33.5482502598429,"$70,000 or More",10503,-5.95956873315364,-41.6415094339623,-138.346361185984,742
"63",106,27.4417424499989,75.75,32.2910252594484,-5.95833333333331,25.797223135829,"Less than $5,000",10503,106,75.75,-5.95833333333333,24
"64",532.621621621622,22.3713346421719,510,21.5508652627468,389.756756756757,21.5508652627468,"$10,000 to $14,999",10504,532.621621621622,510,389.756756756757,37
"65",565.93023255814,20.9968011528254,545.93023255814,-20.4011633396149,439.488372093023,-20.4011633396149,"$15,000 to $19,999",10504,565.93023255814,545.93023255814,439.488372093023,43
"66",418.566037735849,-14.8996323737162,398.603773584906,15.4963380377599,292.320754716981,12.0496152043343,"$20,000 to $29,999",10504,418.566037735849,398.603773584906,292.320754716981,106
"67",415.609756097561,9.47286053001881,394.182926829268,5.14394903433168,280.012195121951,8.96646688878536,"$30,000 to $39,999",10504,415.609756097561,394.182926829268,280.012195121951,164
"68",148.601226993865,-17.1260717792414,126.337423312883,14.2994227431473,8.0368098159509,29.1571950673902,"$40,000 to $49,999",10504,148.601226993865,126.337423312883,8.03680981595092,163
"69",404.225806451613,25.1462664008141,384.258064516129,-23.7201697230339,277.709677419355,-23.7201697230339,"$5,000 to $9,999",10504,404.225806451613,384.258064516129,277.709677419355,31
"70",112.003267973856,-19.7887279417042,89.8104575163399,-16.2281417623461,-28.1732026143791,-3.81651619209055,"$50,000 to $69,999",10504,112.003267973856,89.8104575163399,-28.1732026143791,306
"71",37.0736975857687,64.4887096523107,12.1143583227446,-76.6880985242164,-120.365946632783,26.6111665520749,"$70,000 or More",10504,37.0736975857687,12.1143583227446,-120.365946632783,787
"72",34.5,-64.0511846117891,13.0909090909091,-70.9458803138131,-101.045454545455,52.9784704055413,"Less than $5,000",10504,34.5,13.0909090909091,-101.045454545455,22
"73",445.275362318841,16.4418611228466,410.057971014493,-15.6099263670952,262.942028985507,-16.8259039276313,"$10,000 to $14,999",10600,445.275362318841,410.057971014493,262.942028985507,69
"74",529.967032967033,16.9580087113681,495.736263736264,-13.4746518614314,352.516483516484,-13.5145445681899,"$15,000 to $19,999",10600,529.967032967033,495.736263736264,352.516483516484,91
"75",350.733031674208,10.0141962722018,317.162895927602,6.12556776404381,177.171945701358,6.12556776404381,"$20,000 to $29,999",10600,350.733031674208,317.162895927602,177.171945701357,221
"76",322.669322709163,-6.25938798487186,286.948207171315,11.2271061907997,137.948207171315,5.37670643343132,"$30,000 to $39,999",10600,322.669322709163,286.948207171315,137.948207171315,251
"77",168.870292887029,-5.67344011686377,132.853556485356,9.88056855213854,-17.4602510460251,10.9484181968092,"$40,000 to $49,999",10600,168.870292887029,132.853556485356,-17.4602510460251,239
"78",393.755555555556,20.4979195892811,362.977777777778,-19.8916081637144,234.155555555556,-19.8916081637144,"$5,000 to $9,999",10600,393.755555555556,362.977777777778,234.155555555556,45
"79",82.1358974358974,-4.15704833187904,43.9948717948718,-17.3913191153352,-114.961538461538,-67.5384104701827,"$50,000 to $69,999",10600,82.1358974358974,43.9948717948718,-114.961538461538,390
"80",44.8364055299539,44.7261461092271,3.95506912442397,-24.8627197265827,-166.350230414747,2.37987778480375,"$70,000 or More",10600,44.8364055299539,3.95506912442396,-166.350230414747,868
"81",-17.4285714285714,-23.1852618306875,-46.8571428571429,-23.101505186978,-169.971428571429,-24.3987554112222,"Less than $5,000",10600,-17.4285714285714,-46.8571428571429,-169.971428571429,35
"82",966.555555555555,-29.2699443846941,958.611111111111,28.0584797114134,944.666666666667,28.0584797114134,"$10,000 to $14,999",10701,966.555555555556,958.611111111111,944.666666666667,18
"83",798.933333333333,-29.7422229200602,790.8,28.6698466986418,776.533333333333,28.6698466986418,"$15,000 to $19,999",10701,798.933333333333,790.8,776.533333333333,15
"84",925.969696969697,-24.1005497425795,918.575757575758,23.3177261203527,905.757575757576,23.3177261203527,"$20,000 to $29,999",10701,925.969696969697,918.575757575758,905.757575757576,33
"85",541.818181818182,24.9492017356762,534.151515151515,23.2723562568426,520.69696969697,23.2723562568426,"$30,000 to $39,999",10701,541.818181818182,534.151515151515,520.69696969697,33
"86",264.309090909091,-18.8066812306643,256.654545454545,18.0596554130316,243.254545454545,18.0596554130316,"$40,000 to $49,999",10701,264.309090909091,256.654545454545,243.254545454545,55
"87",646.125,29.7391151487827,639.4375,-28.6624631434679,627.625,-28.6624631434679,"$5,000 to $9,999",10701,646.125,639.4375,627.625,16
"88",105.338028169014,16.6039470170606,97.7887323943662,-18.2371589301105,84.7746478873239,-17.9424699185471,"$50,000 to $69,999",10701,105.338028169014,97.7887323943662,84.7746478873239,71
"89",73.0127118644068,-2.3044686237949,63.5593220338983,-9.99539556005041,47.2330508474576,-33.2617970640684,"$70,000 or More",10701,73.0127118644068,63.5593220338983,47.2330508474576,236
"90",25.125,-70.0288723103179,19,61.8541308033355,8.625,33.0106433766497,"Less than $5,000",10701,25.125,19,8.625,8
"91",773.716417910448,-16.632111504674,768.776119402985,-16.2887351065874,756.761194029851,-16.2887351065874,"$10,000 to $14,999",10702,773.716417910448,768.776119402985,756.761194029851,67
"92",751.745762711864,17.803603336215,746.847457627119,17.2698508799076,735.271186440678,17.2698508799076,"$15,000 to $19,999",10702,751.745762711864,746.847457627119,735.271186440678,59
"93",677.694610778443,9.22286263108253,672,-8.37187440693378,658.652694610778,-8.37187440693378,"$20,000 to $29,999",10702,677.694610778443,672,658.652694610778,167
"94",559.708542713568,-7.72628958523273,553.909547738693,-6.95300601422787,540.366834170854,-6.95300601422787,"$30,000 to $39,999",10702,559.708542713568,553.909547738694,540.366834170854,199
"95",283.968911917098,-11.4630506298139,278.015544041451,-7.52717074751854,264.145077720207,-5.57910345924988,"$40,000 to $49,999",10702,283.968911917098,278.015544041451,264.145077720207,193
"96",499.795454545455,-20.6140107959509,494.795454545455,19.9875259101391,482.568181818182,20.6811639934746,"$5,000 to $9,999",10702,499.795454545455,494.795454545455,482.568181818182,44
"97",66.8909090909091,-67.7597879814794,60.4571428571429,-2.81259956899915,45.6519480519481,-20.4938480053207,"$50,000 to $69,999",10702,66.8909090909091,60.4571428571429,45.6519480519481,385
"98",66.0869140625,72.033213510256,59.0556640625,57.1967135684301,42.947265625,-8.30743374089288,"$70,000 or More",10702,66.0869140625,59.0556640625,42.947265625,1024
"99",61.7777777777778,-60.9730241822515,56.7037037037037,-51.1085330185827,44.4814814814815,-37.5453117949164,"Less than $5,000",10702,61.7777777777778,56.7037037037037,44.4814814814815,27
"100",775.714285714286,28.4422549456358,741.571428571428,27.4229264855385,609.095238095238,27.4229264855385,"$10,000 to $14,999",10703,775.714285714286,741.571428571429,609.095238095238,21
"101",818.227272727273,-28.1663845777512,782.954545454545,27.1339821666479,646.409090909091,27.1339821666479,"$15,000 to $19,999",10703,818.227272727273,782.954545454545,646.409090909091,22
"102",591.872340425532,-19.0146154006297,551.340425531915,-19.0923564136028,394.659574468085,-20.5900284535687,"$20,000 to $29,999",10703,591.872340425532,551.340425531915,394.659574468085,47
"103",315.878048780488,-21.4134321659803,278.829268292683,-20.7135543227196,135.560975609756,-22.2722150455072,"$30,000 to $39,999",10703,315.878048780488,278.829268292683,135.560975609756,41
"104",237.390625,17.096779152751,193.015625,-16.5880578458309,21.75,-33.9889658069111,"$40,000 to $49,999",10703,237.390625,193.015625,21.75,64
"105",498,-30.6552420556545,472.090909090909,30.0903794467449,371.363636363636,30.0903794467449,"$5,000 to $9,999",10703,498,472.090909090909,371.363636363636,11
"106",104.252873563218,-15.3357754009495,63.6091954022988,-43.5635213477621,-93.5172413793103,-32.8016512566463,"$50,000 to $69,999",10703,104.252873563218,63.6091954022989,-93.5172413793103,87
"107",69.5870445344129,-4.01123844550996,20.6396761133603,-55.3979682745965,-168.226720647773,-19.288901860281,"$70,000 or More",10703,69.587044534413,20.6396761133603,-168.226720647773,247
"108",-13.5,-31.1609781235456,-56,35.512240795525,-220.5,30.6274600178003,"Less than $5,000",10703,-13.5,-56,-220.5,10
"109",630.77,15.8607582325394,586.55,12.5881460423996,444.24,12.7247703820467,"$10,000 to $14,999",10800,630.77,586.55,444.24,100
"110",613.824427480916,10.8791642004279,568.725190839695,12.2306573812704,423.564885496183,10.368127233778,"$15,000 to $19,999",10800,613.824427480916,568.725190839695,423.564885496183,131
"111",535.049418604651,-3.4220604885131,491.072674418605,-3.67408210039139,349.581395348837,2.19860761796373,"$20,000 to $29,999",10800,535.049418604651,491.072674418605,349.581395348837,344
"112",431.852941176471,2.29482945050756,384.578431372549,4.11288595199585,232.529411764706,3.30869759375192,"$30,000 to $39,999",10800,431.852941176471,384.578431372549,232.529411764706,306
"113",258.663043478261,-6.16801352024427,210.717391304348,8.12542068025036,56.6086956521739,26.5087825244044,"$40,000 to $49,999",10800,258.663043478261,210.717391304348,56.6086956521739,276
"114",473.894736842105,-15.6782292366899,428.552631578947,-15.4708780623395,282.815789473684,-14.897877201438,"$5,000 to $9,999",10800,473.894736842105,428.552631578947,282.815789473684,76
"115",144.686538461538,1.75903056129832,92.6634615384615,12.8069738127238,-74.45,-4.64812351430017,"$50,000 to $69,999",10800,144.686538461538,92.6634615384615,-74.45,520
"116",76.2178217821782,-69.5662068194191,21.3069306930693,55.2936496061691,-155.087871287129,11.4199869140043,"$70,000 or More",10800,76.2178217821782,21.3069306930693,-155.087871287129,808
"117",20.1363636363636,-58.9107158997328,-26.3939393939394,47.0222238072129,-175.848484848485,16.6551195479023,"Less than $5,000",10800,20.1363636363636,-26.3939393939394,-175.848484848485,66
"118",568.114754098361,-17.5914622098207,526.606557377049,16.7663271427155,413.44262295082,16.7663271427155,"$10,000 to $14,999",10901,568.114754098361,526.606557377049,413.44262295082,61
"119",687.946666666667,-17.2482476583522,644.133333333333,-16.7435396062808,524.48,-15.0074455589056,"$15,000 to $19,999",10901,687.946666666667,644.133333333333,524.48,75
"120",713.11038961039,9.76544707195335,668.883116883117,9.65570989251137,548.331168831169,9.65570989251137,"$20,000 to $29,999",10901,713.11038961039,668.883116883117,548.331168831169,154
"121",382.401515151515,10.7768256652884,335.19696969697,11.9159634631024,206.795454545455,10.2910587191582,"$30,000 to $39,999",10901,382.401515151515,335.19696969697,206.795454545455,132
"122",178.288888888889,-10.6492470353842,129.014814814815,-12.9200844690919,-5.05185185185184,-20.5151405700399,"$40,000 to $49,999",10901,178.288888888889,129.014814814815,-5.05185185185185,135
"123",506.588235294118,23.8348082793972,458.352941176471,22.7924265414476,327.205882352941,22.7897429855825,"$5,000 to $9,999",10901,506.588235294118,458.352941176471,327.205882352941,34
"124",62.3333333333333,31.1209402394722,15.7377777777778,-20.3941930080544,-111.066666666667,-40.7254649951577,"$50,000 to $69,999",10901,62.3333333333333,15.7377777777778,-111.066666666667,225
"125",31.5113122171946,-3.44453904475584,-17.6742081447964,-58.8132150818361,-151.554298642534,-2.84241638164465,"$70,000 or More",10901,31.5113122171946,-17.6742081447964,-151.554298642534,442
"126",13.7826086956522,-55.9740946847079,-28.7826086956522,-46.0175963982082,-144.95652173913,-38.0008313732476,"Less than $5,000",10901,13.7826086956522,-28.7826086956522,-144.95652173913,23
"127",750.014705882353,-16.4507770240307,705.058823529412,-15.5924733430147,544.941176470588,-15.5924733430147,"$10,000 to $14,999",10902,750.014705882353,705.058823529412,544.941176470588,68
"128",775.21875,14.0070474147797,735.375,-13.2092448621988,593.197916666667,-13.2092448621988,"$15,000 to $19,999",10902,775.21875,735.375,593.197916666667,96
"129",899.807692307692,-9.71105699241161,855.955128205128,-9.39537459611893,699.608974358974,-9.39537459611893,"$20,000 to $29,999",10902,899.807692307692,855.955128205128,699.608974358974,156
"130",788.409836065574,-8.8129098713398,746.573770491803,-8.03284066915512,597.245901639344,-7.25533188584077,"$30,000 to $39,999",10902,788.409836065574,746.573770491803,597.245901639344,183
"131",340.109090909091,-8.23281221223294,293.121212121212,7.57592419009117,125.484848484849,18.4512471551045,"$40,000 to $49,999",10902,340.109090909091,293.121212121212,125.484848484848,165
"132",448.404761904762,21.0767554789782,408.5,20.5405628234148,266,20.5405628234148,"$5,000 to $9,999",10902,448.404761904762,408.5,266,42
"133",208.377224199288,-2.64062239731685,163.106761565836,-4.5599762648344,1.45907473309609,-17.7388425431463,"$50,000 to $69,999",10902,208.377224199288,163.106761565836,1.45907473309609,281
"134",61.2511210762332,53.2135829474448,9.567264573991,-7.59930303492868,-174.72869955157,-7.06253591647949,"$70,000 or More",10902,61.2511210762332,9.56726457399103,-174.72869955157,446
"135",81.6944444444445,-44.846646746012,41.3888888888889,39.5367949842696,-102.055555555556,55.4216508997809,"Less than $5,000",10902,81.6944444444444,41.3888888888889,-102.055555555556,36
"136",501.538461538461,-27.0869892835617,467.653846153846,25.3085072636604,326.153846153846,25.3115760271972,"$10,000 to $14,999",11000,501.538461538462,467.653846153846,326.153846153846,26
"137",477.647058823529,23.7570778837883,442.235294117647,22.7252708077431,294.352941176471,22.5340783114411,"$15,000 to $19,999",11000,477.647058823529,442.235294117647,294.352941176471,34
"138",585.962962962963,15.040233373642,547.395061728395,14.3679291307926,386.481481481482,14.3679291307926,"$20,000 to $29,999",11000,585.962962962963,547.395061728395,386.481481481481,81
"139",255.425531914894,-14.2927046567202,219.659574468085,17.1675640033901,70.3404255319149,18.0564933706947,"$30,000 to $39,999",11000,255.425531914894,219.659574468085,70.3404255319149,94
"140",65.0120481927711,20.6048670544644,28.0120481927711,-53.8422221551746,-126.301204819277,-42.6960753022316,"$40,000 to $49,999",11000,65.0120481927711,28.0120481927711,-126.301204819277,83
"141",386.631578947368,-28.8221706300974,350.842105263158,27.82024769485,201.473684210526,27.82024769485,"$5,000 to $9,999",11000,386.631578947368,350.842105263158,201.473684210526,19
"142",108.892045454545,-12.1719357614875,70.5170454545454,-20.5837150427946,-89.2840909090909,-18.649183519989,"$50,000 to $69,999",11000,108.892045454545,70.5170454545455,-89.2840909090909,176
"143",61.7736486486486,-55.4453921789001,21.2871621621622,79.8134424679837,-147.195945945946,-22.1586316673078,"$70,000 or More",11000,61.7736486486486,21.2871621621622,-147.195945945946,296
"144",98.9047619047619,28.333104789257,64.6190476190476,-59.3366345998034,-78.2380952380952,-42.9529324457756,"Less than $5,000",11000,98.9047619047619,64.6190476190476,-78.2380952380952,21
"145",492.35593220339,16.6036179499998,492.35593220339,-17.0455071656509,492.35593220339,-17.0913128085482,"$10,000 to $14,999",11101,492.35593220339,492.35593220339,492.35593220339,59
"146",685.345679012346,-13.6807516357129,685.345679012346,14.3184605836868,685.345679012346,13.7155524271608,"$15,000 to $19,999",11101,685.345679012346,685.345679012346,685.345679012346,81
"147",497.222891566265,9.23718497157097,497.222891566265,10.2065239746741,497.222891566265,10.1219799161109,"$20,000 to $29,999",11101,497.222891566265,497.222891566265,497.222891566265,166
"148",205.563535911602,-9.65116387326667,205.563535911602,-9.28000813891367,205.563535911602,-8.18407042324543,"$30,000 to $39,999",11101,205.563535911602,205.563535911602,205.563535911602,181
"149",35.0520833333334,-10.5303781537757,35.0520833333333,-19.4770000026928,35.0520833333333,-42.129088988324,"$40,000 to $49,999",11101,35.0520833333333,35.0520833333333,35.0520833333333,192
"150",407.120689655172,-23.5998886043482,407.120689655172,-18.2963338031111,407.120689655172,-17.5116290450096,"$5,000 to $9,999",11101,407.120689655172,407.120689655172,407.120689655172,58
"151",24.2269736842105,-27.4854755251687,24.2269736842105,-49.093750075036,24.2269736842105,-23.7234220678827,"$50,000 to $69,999",11101,24.2269736842105,24.2269736842105,24.2269736842105,304
"152",12.097520661157,42.5598586472477,12.097520661157,52.9638903286438,12.097520661157,-18.4893476659873,"$70,000 or More",11101,12.097520661157,12.097520661157,12.097520661157,605
"153",-17.3720930232558,20.9739372581244,-17.3720930232558,44.7989489806284,-17.3720930232558,20.3926200568676,"Less than $5,000",11101,-17.3720930232558,-17.3720930232558,-17.3720930232558,43
"154",732,26.6864111824986,720.379310344827,24.2837309539318,708.448275862069,24.2837309539318,"$10,000 to $14,999",11102,732,720.379310344828,708.448275862069,29
"155",479.846153846154,21.688785069156,467.384615384615,21.2269897609949,454.948717948718,21.2269897609949,"$15,000 to $19,999",11102,479.846153846154,467.384615384615,454.948717948718,39
"156",546.752475247525,-13.5091111809015,534.019801980198,12.3348196148872,521.425742574257,14.1579021051051,"$20,000 to $29,999",11102,546.752475247525,534.019801980198,521.425742574257,101
"157",365.446043165468,-10.5122800469398,353.330935251799,10.1156834363937,341.395683453237,9.22778183642806,"$30,000 to $39,999",11102,365.446043165468,353.330935251799,341.395683453237,139
"158",113.668965517241,-26.9634846472396,101.234482758621,-8.49661612677831,88.951724137931,-14.9988168328945,"$40,000 to $49,999",11102,113.668965517241,101.234482758621,88.951724137931,145
"159",449.846153846154,-27.0785895586014,438.769230769231,25.2860225886106,427.423076923077,25.2860225886106,"$5,000 to $9,999",11102,449.846153846154,438.769230769231,427.423076923077,26
"160",71.0992647058824,-11.2417617948836,58.7536764705882,5.16415832301786,46.6691176470588,41.6958971778226,"$50,000 to $69,999",11102,71.0992647058823,58.7536764705882,46.6691176470588,272
"161",25.3652291105121,22.725749787221,12.8867924528302,-54.6043174716764,0.605121293800551,-2.96177616072001,"$70,000 or More",11102,25.3652291105121,12.8867924528302,0.605121293800539,742
"162",-15,28.2556662802079,-26.2777777777778,-48.0317337201397,-37.5,-28.0456786900759,"Less than $5,000",11102,-15,-26.2777777777778,-37.5,18
"163",53.5,36.1109794690757,34,-43.2769161667697,14.5,-31.8824410736561,"$10,000 to $14,999",11103,53.5,34,14.5,2
"164",1000.83333333333,31.6104882359505,986.333333333333,31.4776716828346,972.333333333333,31.4776716828346,"$15,000 to $19,999",11103,1000.83333333333,986.333333333333,972.333333333333,6
"165",591.731707317073,-22.32629382382,576.780487804878,-21.2723686060138,562.243902439024,-20.7070696651936,"$20,000 to $29,999",11103,591.731707317073,576.780487804878,562.243902439024,41
"166",257.22,20.2857277366682,243.18,18.7461775243282,229.54,19.0827827189219,"$30,000 to $39,999",11103,257.22,243.18,229.54,50
"167",197.196078431373,-19.3826103359461,183.490196078431,-18.4228786379099,170.156862745098,-18.4228786379099,"$40,000 to $49,999",11103,197.196078431373,183.490196078431,170.156862745098,51
"168",448.25,31.7511104792356,433.25,31.5999504774809,419,31.5999504774809,"$5,000 to $9,999",11103,448.25,433.25,419,4
"169",108.594936708861,-25.4066601835593,93.6708860759493,-21.4819666639407,79.2025316455696,-14.7871621102095,"$50,000 to $69,999",11103,108.594936708861,93.6708860759494,79.2025316455696,79
"170",41.5226586102719,-32.2226535977434,27.3081570996979,29.9524356026599,13.4773413897281,1.47431310089341,"$70,000 or More",11103,41.5226586102719,27.3081570996979,13.4773413897281,331
"171",-0.875,31.2853499501944,-14.75,61.1729530942536,-28,31.0460943281651,"Less than $5,000",11103,-0.875,-14.75,-28,8
"172",414.777777777778,-22.561213105917,404.166666666667,21.7241824120283,386.638888888889,21.7241824120283,"$10,000 to $14,999",11104,414.777777777778,404.166666666667,386.638888888889,36
"173",690.103448275862,-25.9102634489536,680.551724137931,-24.2117170542479,664.965517241379,-24.2117170542479,"$15,000 to $19,999",11104,690.103448275862,680.551724137931,664.965517241379,29
"174",422.272727272727,-11.0598283112801,411.719008264463,-11.0781510972623,394.363636363636,-7.69199747846743,"$20,000 to $29,999",11104,422.272727272727,411.719008264463,394.363636363636,121
"175",482.823529411765,-9.14270659371965,471.686274509804,9.70712102949619,453.320261437908,9.42263766397781,"$30,000 to $39,999",11104,482.823529411765,471.686274509804,453.320261437908,153
"176",263.103896103896,-11.9058705646438,251.954545454545,10.153913554991,233.603896103896,10.7066810277814,"$40,000 to $49,999",11104,263.103896103896,251.954545454545,233.603896103896,154
"177",305.809523809524,-27.7278791967232,294.523809523809,27.3473336696625,275.952380952381,27.3473336696625,"$5,000 to $9,999",11104,305.809523809524,294.52380952381,275.952380952381,21
"178",136.838616714697,-11.1453943682959,125.244956772334,6.04257455873498,106.121037463977,7.45022585884713,"$50,000 to $69,999",11104,136.838616714697,125.244956772334,106.121037463977,347
"179",72.7324649298597,-56.1036435205335,60.4509018036072,-21.5448950719493,40.1833667334669,31.6350233750329,"$70,000 or More",11104,72.7324649298597,60.4509018036072,40.1833667334669,998
"180",-39.0606060606061,23.9541116058826,-48.969696969697,-31.4574238428137,-65.0606060606061,-34.0524573081767,"Less than $5,000",11104,-39.0606060606061,-48.969696969697,-65.0606060606061,33
"181",603.098765432099,13.1588435041307,596.58024691358,14.148464745552,577.20987654321,14.3175005465746,"$10,000 to $14,999",11200,603.098765432099,596.58024691358,577.20987654321,81
"182",661.913580246914,14.8749566376209,654.901234567901,12.445984166868,633.901234567901,14.3162080794573,"$15,000 to $19,999",11200,661.913580246914,654.901234567901,633.901234567901,81
"183",384.524752475247,-7.4698628038168,377.257425742574,-4.05418369593826,355.732673267327,-3.58587261361033,"$20,000 to $29,999",11200,384.524752475248,377.257425742574,355.732673267327,202
"184",285.763636363636,-4.1320864634275,278.345454545455,6.27791503071785,256.227272727273,2.92293746496985,"$30,000 to $39,999",11200,285.763636363636,278.345454545455,256.227272727273,220
"185",203.637755102041,11.6824420663633,196.168367346939,-6.99688761379625,174.051020408163,-7.04066921770573,"$40,000 to $49,999",11200,203.637755102041,196.168367346939,174.051020408163,196
"186",491.181818181818,20.1901367949037,484.345454545455,-19.2826060238923,464.054545454545,-18.0067017674446,"$5,000 to $9,999",11200,491.181818181818,484.345454545455,464.054545454545,55
"187",116.311827956989,15.1177783310149,108.314516129032,-4.79581361776155,84.5268817204301,-8.5402529133746,"$50,000 to $69,999",11200,116.311827956989,108.314516129032,84.5268817204301,372
"188",69.958452722063,23.8884290101587,61.2865329512894,30.0464388831028,35.4684813753582,4.60173717009381,"$70,000 or More",11200,69.958452722063,61.2865329512894,35.4684813753582,698
"189",12.8461538461538,-41.5958202722309,5.10256410256409,-33.1002204001661,-17.8461538461538,-21.1641014665365,"Less than $5,000",11200,12.8461538461538,5.1025641025641,-17.8461538461538,39
"190",609.079207920792,13.4011268948844,607.514851485149,-12.2846432775259,600.60396039604,-12.099601865928,"$10,000 to $14,999",11300,609.079207920792,607.514851485148,600.60396039604,101
"191",582.197916666667,-13.9432770162821,580.6875,-14.5369927577041,573.6875,-13.2012700736523,"$15,000 to $19,999",11300,582.197916666667,580.6875,573.6875,96
"192",353.055921052632,2.28010316208457,351.496710526316,-4.18179297447205,344.480263157895,-5.20925949539274,"$20,000 to $29,999",11300,353.055921052632,351.496710526316,344.480263157895,304
"193",196.362804878049,4.60315868305092,194.762195121951,5.07631338544053,187.588414634146,3.97931441664696,"$30,000 to $39,999",11300,196.362804878049,194.762195121951,187.588414634146,328
"194",190.354430379747,-2.94533064814173,188.705696202532,-1.5426132092435,181.306962025317,-3.01474479223172,"$40,000 to $49,999",11300,190.354430379747,188.705696202532,181.306962025316,316
"195",400.891891891892,16.0564600229263,399.445945945946,-15.2016569525003,393,-17.1000468695036,"$5,000 to $9,999",11300,400.891891891892,399.445945945946,393,74
"196",77.2291220556745,31.0165399126502,75.5139186295503,20.5684206243323,67.865096359743,9.90380402604634,"$50,000 to $69,999",11300,77.2291220556745,75.5139186295503,67.865096359743,467
"197",67.4255842558426,-28.0258425019027,65.6408364083641,12.7718348387801,57.7244772447725,-4.20361888299874,"$70,000 or More",11300,67.4255842558426,65.6408364083641,57.7244772447724,813
"198",47.8333333333333,-30.9681720154569,46.4444444444445,25.1527265268699,40.0185185185185,41.3196809074757,"Less than $5,000",11300,47.8333333333333,46.4444444444444,40.0185185185185,54
"199",732.064516129032,23.9489404767801,684.935483870968,23.6602141261101,592.064516129032,23.6602141261101,"$10,000 to $14,999",11401,732.064516129032,684.935483870968,592.064516129032,31
"200",663.805555555555,-22.5180242955685,612.916666666667,21.6565802693367,512.583333333333,21.6565802693367,"$15,000 to $19,999",11401,663.805555555556,612.916666666667,512.583333333333,36
"201",481.968085106383,-14.5920930124744,434.776595744681,13.5117582380772,341.68085106383,14.59147119205,"$20,000 to $29,999",11401,481.968085106383,434.776595744681,341.68085106383,94
"202",270.230769230769,14.3516603410244,221.054945054945,12.5706794926991,124,23.8416516804745,"$30,000 to $39,999",11401,270.230769230769,221.054945054945,124,91
"203",150.238532110092,12.7826410382986,99.2110091743119,-13.7401106447304,-1.56880733944956,-24.7863956853852,"$40,000 to $49,999",11401,150.238532110092,99.2110091743119,-1.56880733944954,109
"204",488.1,28.5945445386332,446.6,-27.6194152235985,364.7,-27.1744307329865,"$5,000 to $9,999",11401,488.1,446.6,364.7,20
"205",62.1899224806202,-37.8159593057394,16.2480620155039,-2.58508215752082,-74.5813953488372,34.9834347842618,"$50,000 to $69,999",11401,62.1899224806202,16.2480620155039,-74.5813953488372,258
"206",12.5273224043716,-0.681784736478448,-35.7595628415301,-42.3414683940616,-131.185792349727,-49.5257809747544,"$70,000 or More",11401,12.5273224043716,-35.7595628415301,-131.185792349727,732
"207",25.4782608695652,-54.7659727868188,-18.4782608695652,-65.1075929532216,-105,-64.7050819496571,"Less than $5,000",11401,25.4782608695652,-18.4782608695652,-105,23
"208",427.375,-30.1789792579745,408.1875,28.5963404178619,286.25,29.218658889346,"$10,000 to $14,999",11402,427.375,408.1875,286.25,16
"209",521.323529411765,-23.4990199655294,500.235294117647,22.6520307797927,366.764705882353,22.6560961455107,"$15,000 to $19,999",11402,521.323529411765,500.235294117647,366.764705882353,34
"210",482.606060606061,11.9308111664752,460.747474747475,-12.886237308383,322.343434343434,-14.1631649333491,"$20,000 to $29,999",11402,482.606060606061,460.747474747475,322.343434343434,99
"211",331.890625,-11.2086310088634,309.421875,10.5355679839849,167.171875,11.2626008976622,"$30,000 to $39,999",11402,331.890625,309.421875,167.171875,128
"212",109.43537414966,12.9730207791088,87.5714285714286,-23.237762862969,-50.9659863945579,-7.32215173304176,"$40,000 to $49,999",11402,109.43537414966,87.5714285714286,-50.9659863945578,147
"213",434.583333333333,27.4033630937338,413.5,-25.653177395463,280.375,-25.653177395463,"$5,000 to $9,999",11402,434.583333333333,413.5,280.375,24
"214",55.5483870967742,-34.5455638728702,33.4121863799283,18.8719182835463,-106.931899641577,24.6227351080189,"$50,000 to $69,999",11402,55.5483870967742,33.4121863799283,-106.931899641577,279
"215",62.5121065375303,-11.3501840771456,38.9043583535109,31.5280714303595,-110.501210653753,-16.8892818994129,"$70,000 or More",11402,62.5121065375303,38.9043583535109,-110.501210653753,826
"216",-44.1212121212121,-23.9533298313618,-66.9393939393939,22.2466997053059,-211.636363636364,23.1174065172672,"Less than $5,000",11402,-44.1212121212121,-66.9393939393939,-211.636363636364,33
"217",600.712328767123,16.8386600380855,599.219178082192,17.6516734481648,597.506849315069,15.4290335178375,"$10,000 to $14,999",11501,600.712328767123,599.219178082192,597.506849315069,73
"218",605.148648648649,17.0527151554971,603.756756756757,-15.0880608260632,602.067567567568,-16.5269260926056,"$15,000 to $19,999",11501,605.148648648649,603.756756756757,602.067567567568,74
"219",529.835897435897,6.34734891330494,528.441025641026,-7.28869807720184,526.71282051282,-7.28869807720184,"$20,000 to $29,999",11501,529.835897435897,528.441025641026,526.71282051282,195
"220",495.109452736318,-7.57554250955582,493.582089552239,4.50436550476815,491.766169154229,5.85105255444628,"$30,000 to $39,999",11501,495.109452736318,493.582089552239,491.766169154229,201
"221",154.469072164948,6.43882033576949,153.128865979381,-4.33691564413131,151.5,0.24616010320851,"$40,000 to $49,999",11501,154.469072164948,153.128865979381,151.5,194
"222",483.603448275862,-18.5989818716514,482.310344827586,-16.123410229987,480.741379310345,-17.3658788651228,"$5,000 to $9,999",11501,483.603448275862,482.310344827586,480.741379310345,58
"223",39.5801104972376,2.32472818822134,38.1298342541436,-40.3200336245256,36.4281767955801,-34.1371071118499,"$50,000 to $69,999",11501,39.5801104972376,38.1298342541436,36.4281767955801,362
"224",23.1413390010627,-63.2274504863885,21.6376195536663,-11.2755578176827,19.9149840595111,38.6395994849021,"$70,000 or More",11501,23.1413390010627,21.6376195536663,19.9149840595112,941
"225",33.8070175438596,57.5673059782787,32.3157894736842,37.4857812380427,30.3859649122807,27.7318199968835,"Less than $5,000",11501,33.8070175438597,32.3157894736842,30.3859649122807,57
"226",622.478260869565,-27.7391329705715,598.913043478261,26.4240591526031,461.347826086957,26.4240591526031,"$10,000 to $14,999",11502,622.478260869565,598.913043478261,461.347826086957,23
"227",344.233333333333,25.5537599772215,321.333333333333,24.020565122366,187.8,24.020565122366,"$15,000 to $19,999",11502,344.233333333333,321.333333333333,187.8,30
"228",528.178571428572,12.2560733299792,502.910714285714,-11.6503241956234,355.428571428571,-17.6109092218299,"$20,000 to $29,999",11502,528.178571428571,502.910714285714,355.428571428571,112
"229",427.325757575758,-13.5247437716353,402.636363636364,-10.2413309812546,258.507575757576,-10.0816961814547,"$30,000 to $39,999",11502,427.325757575758,402.636363636364,258.507575757576,132
"230",131.133802816901,-16.9398670616255,106.077464788732,-12.2476637826105,-40.387323943662,-9.52311273106929,"$40,000 to $49,999",11502,131.133802816901,106.077464788732,-40.387323943662,142
"231",416.052631578947,-28.7506454586983,397.421052631579,27.7062290459871,288.157894736842,28.2949161640573,"$5,000 to $9,999",11502,416.052631578947,397.421052631579,288.157894736842,19
"232",54.068,25.0393246539725,29.92,0.401125861733789,-111.424,39.4643136172111,"$50,000 to $69,999",11502,54.068,29.92,-111.424,250
"233",78.1969196919692,-20.0153190405184,53.1375137513751,-35.0542163578682,-93.7942794279428,27.9535409463935,"$70,000 or More",11502,78.1969196919692,53.1375137513751,-93.7942794279428,909
"234",-31.4090909090909,28.0433226674795,-56.0454545454546,-37.7423563240829,-199.863636363636,-27.0678796619177,"Less than $5,000",11502,-31.4090909090909,-56.0454545454545,-199.863636363636,22
"235",714.764705882353,23.475749284029,693.823529411765,-22.5713344216347,573.088235294118,-22.5713344216347,"$10,000 to $14,999",11503,714.764705882353,693.823529411765,573.088235294118,34
"236",643.428571428571,23.1701786369085,623.514285714286,-22.2158679366822,508.2,-22.2997791854094,"$15,000 to $19,999",11503,643.428571428571,623.514285714286,508.2,35
"237",598.591666666667,11.0207652178527,578.408333333333,-9.8764147957899,460.425,-11.0711214840412,"$20,000 to $29,999",11503,598.591666666667,578.408333333333,460.425,120
"238",325.969072164948,13.861726641655,303.721649484536,13.1749764084816,173.927835051546,13.1749764084816,"$30,000 to $39,999",11503,325.969072164948,303.721649484536,173.927835051546,97
"239",168.703125,-12.3646841926879,147.171875,-9.18954482638472,21.3515625,-17.1380690106898,"$40,000 to $49,999",11503,168.703125,147.171875,21.3515625,128
"240",499.758620689655,26.9046025511893,477.48275862069,24.164995983243,348.551724137931,24.164995983243,"$5,000 to $9,999",11503,499.758620689655,477.48275862069,348.551724137931,29
"241",70.2396313364055,-18.2969275014159,46.6543778801843,-25.3786201091342,-91.4009216589862,-45.9330114359216,"$50,000 to $69,999",11503,70.2396313364055,46.6543778801843,-91.4009216589862,217
"242",37.8336252189142,-22.1673790799237,14.6392294220665,10.6205553310376,-121.915936952715,-59.6441432862371,"$70,000 or More",11503,37.8336252189142,14.6392294220665,-121.915936952715,571
"243",49.5384615384615,51.9712228239457,29.7307692307692,-40.6965254231116,-85.0769230769231,-47.4198557603409,"Less than $5,000",11503,49.5384615384615,29.7307692307692,-85.0769230769231,26
"244",544.525423728813,17.7372790575027,521.440677966102,-17.1416864991188,387.440677966102,-17.4742111282923,"$10,000 to $14,999",11504,544.525423728814,521.440677966102,387.440677966102,59
"245",850.107692307692,-16.965389341116,825.615384615385,16.4535774737597,682.784615384615,17.126611452347,"$15,000 to $19,999",11504,850.107692307692,825.615384615385,682.784615384615,65
"246",537.05625,-10.9584602802177,512.99375,-9.10255091192072,372.8125,-11.0930104647031,"$20,000 to $29,999",11504,537.05625,512.99375,372.8125,160
"247",398.940860215054,8.6320511251688,374.763440860215,-10.5548651463743,233.252688172043,-7.75939580798149,"$30,000 to $39,999",11504,398.940860215054,374.763440860215,233.252688172043,186
"248",206.045662100457,4.89744662875367,180.840182648402,6.32070189714432,33.6164383561644,22.2935947699646,"$40,000 to $49,999",11504,206.045662100457,180.840182648402,33.6164383561644,219
"249",395.425,-21.6578479409218,370.75,20.2988496325946,227.5,21.7385898137817,"$5,000 to $9,999",11504,395.425,370.75,227.5,40
"250",113.918414918415,-5.31441607385021,89.0582750582751,1.84102970209506,-56.6317016317016,-36.3793424971726,"$50,000 to $69,999",11504,113.918414918415,89.0582750582751,-56.6317016317016,429
"251",23.9805615550756,70.8194719604138,-0.667386609071286,35.6786461907647,-145.414686825054,22.4905496434725,"$70,000 or More",11504,23.9805615550756,-0.667386609071274,-145.414686825054,926
"252",-7.38095238095238,19.7467855319545,-32.5,-49.9478710682934,-178.857142857143,-20.4245528876781,"Less than $5,000",11504,-7.38095238095238,-32.5,-178.857142857143,42
"253",647.410256410256,-21.8739344328642,601.487179487179,-21.1470869332552,510.923076923077,-20.9479160261934,"$10,000 to $14,999",11505,647.410256410256,601.487179487179,510.923076923077,39
"254",550.772727272727,-20.6112202852964,505.227272727273,19.5655894666312,415.340909090909,20.0999073315142,"$15,000 to $19,999",11505,550.772727272727,505.227272727273,415.340909090909,44
"255",456.307692307692,10.9701329767704,407.830769230769,8.71183965510009,312.3,13.1855156905527,"$20,000 to $29,999",11505,456.307692307692,407.830769230769,312.3,130
"256",277.613756613757,-8.43739429470577,226.269841269841,7.7062421143055,125.089947089947,11.8173001944012,"$30,000 to $39,999",11505,277.613756613757,226.269841269841,125.089947089947,189
"257",116.39226519337,-13.4835715512062,68.7016574585635,-14.0708938084672,-25.4640883977901,-18.3624187988196,"$40,000 to $49,999",11505,116.39226519337,68.7016574585635,-25.4640883977901,181
"258",466.971428571429,23.0842353105545,418.971428571429,-22.0543217509985,324.514285714286,-22.0543217509985,"$5,000 to $9,999",11505,466.971428571429,418.971428571429,324.514285714286,35
"259",37.2723311546841,52.5943094517319,-14.6143790849673,-16.7100097349035,-117.187363834423,-23.3115336104901,"$50,000 to $69,999",11505,37.2723311546841,-14.6143790849673,-117.187363834423,459
"260",31.3264872521247,37.2919195194587,-20.8966005665722,-39.0021286736933,-124.07507082153,66.3079653475722,"$70,000 or More",11505,31.3264872521246,-20.8966005665722,-124.07507082153,1412
"261",-8.25,22.8278802767015,-61.225,-35.8776381679539,-165.45,-24.0345977030216,"Less than $5,000",11505,-8.25,-61.225,-165.45,40
"262",787.25,30.1364202648401,749.833333333333,29.1293912529945,599.083333333333,29.1293912529945,"$10,000 to $14,999",11506,787.25,749.833333333333,599.083333333333,12
"263",628.3,31.0284970402718,588.8,-30.5445616543293,430.2,-30.5445616543293,"$15,000 to $19,999",11506,628.3,588.8,430.2,10
"264",453.969696969697,23.9455782920122,426.121212121212,-22.9667631536722,313.939393939394,-22.9667631536722,"$20,000 to $29,999",11506,453.969696969697,426.121212121212,313.939393939394,33
"265",350.063829787234,-20.7463839485759,320.063829787234,19.0277648568153,199.234042553192,19.0277648568153,"$30,000 to $39,999",11506,350.063829787234,320.063829787234,199.234042553192,47
"266",-54.3673469387755,-19.6929474323988,-82.8571428571429,-18.8176272064447,-197.163265306122,-18.8176272064447,"$40,000 to $49,999",11506,-54.3673469387755,-82.8571428571429,-197.163265306122,49
"267",607.833333333333,31.5384376496077,581,31.4303500503302,472.166666666667,31.4303500503302,"$5,000 to $9,999",11506,607.833333333333,581,472.166666666667,6
"268",67.8899082568807,-48.6323467156146,38.9908256880734,42.7227612347603,-76.9908256880734,46.7247157118236,"$50,000 to $69,999",11506,67.8899082568807,38.9908256880734,-76.9908256880734,109
"269",21.4702549575071,14.5677276264373,-9.19546742209633,10.1186918193191,-131.821529745042,19.0166825305257,"$70,000 or More",11506,21.4702549575071,-9.19546742209632,-131.821529745042,353
"270",10.6666666666667,-40.5687773890624,-17.3333333333334,60.2683844012656,-130,79.0928138811445,"Less than $5,000",11506,10.6666666666667,-17.3333333333333,-130,6
"271",484.545454545455,-30.4479047656059,467.636363636364,30.0293635427952,360.272727272727,30.0293635427952,"$10,000 to $14,999",11507,484.545454545455,467.636363636364,360.272727272727,11
"272",192.166666666667,31.4022407531738,167.166666666667,-31.2864314466715,9.83333333333331,-31.2864314466715,"$15,000 to $19,999",11507,192.166666666667,167.166666666667,9.83333333333333,6
"273",361.612903225806,-24.6180912107229,339.870967741935,-24.9781187700854,202.096774193548,-23.5893418341875,"$20,000 to $29,999",11507,361.612903225806,339.870967741935,202.096774193548,31
"274",543.909090909091,22.9800040097824,522.515151515152,-22.8733387440443,387.181818181818,-22.8733387440443,"$30,000 to $39,999",11507,543.909090909091,522.515151515152,387.181818181818,33
"275",388.163636363636,-18.6855031400919,366.145454545454,17.9851225763559,226.581818181818,16.9932842994661,"$40,000 to $49,999",11507,388.163636363636,366.145454545455,226.581818181818,55
"276",465.428571428571,-31.387405321002,443.285714285714,-31.1630351692438,304.428571428571,-31.1630351692438,"$5,000 to $9,999",11507,465.428571428571,443.285714285714,304.428571428571,7
"277",50.0416666666667,20.1416553037727,27.3333333333333,-42.6203605958901,-116.635416666667,-55.7367640711606,"$50,000 to $69,999",11507,50.0416666666667,27.3333333333333,-116.635416666667,96
"278",43.3682634730539,33.2283895414171,20.4880239520958,-21.5063855988754,-124.37125748503,-13.0112314185917,"$70,000 or More",11507,43.3682634730539,20.4880239520958,-124.37125748503,334
"279",-108,30.4420703798532,-128,-29.7254029065371,-254.818181818182,-29.7254029065371,"Less than $5,000",11507,-108,-128,-254.818181818182,11
"280",425.333333333333,28.0435147712732,425.333333333333,27.2147158533335,425.333333333333,27.2147158533335,"$10,000 to $14,999",11601,425.333333333333,425.333333333333,425.333333333333,21
"281",569.315789473684,-28.7497010976076,569.315789473684,27.684603407979,569.315789473684,27.684603407979,"$15,000 to $19,999",11601,569.315789473684,569.315789473684,569.315789473684,19
"282",351.946428571428,-17.6958148325686,351.946428571428,-17.8039197176695,351.946428571429,-20.486626254578,"$20,000 to $29,999",11601,351.946428571429,351.946428571429,351.946428571429,56
"283",179.923076923077,-16.8150493651628,179.923076923077,-16.3329742699862,179.923076923077,-16.3329742699862,"$30,000 to $39,999",11601,179.923076923077,179.923076923077,179.923076923077,65
"284",9.07594936708861,-35.163041985059,9.07594936708861,5.76798950346419,9.07594936708858,-26.2958359106653,"$40,000 to $49,999",11601,9.07594936708861,9.07594936708861,9.07594936708861,79
"285",341.583333333333,-30.1198614090681,341.583333333333,29.0802007615566,341.583333333333,29.0802007615566,"$5,000 to $9,999",11601,341.583333333333,341.583333333333,341.583333333333,12
"286",-55.2,11.1942900843652,-55.2,6.40169262813151,-55.2,40.2125753333498,"$50,000 to $69,999",11601,-55.2,-55.2,-55.2,185
"287",53.2642276422764,-22.9832688501469,53.2642276422764,18.401958568983,53.2642276422764,10.086942897194,"$70,000 or More",11601,53.2642276422764,53.2642276422764,53.2642276422764,984
"288",-46.5625,-29.6834558695555,-46.5625,-28.5316839476783,-46.5625,-28.5318125188351,"Less than $5,000",11601,-46.5625,-46.5625,-46.5625,16
"289",551,27.6997570991516,551,26.2636994719505,551,26.2636994719505,"$10,000 to $14,999",11602,551,551,551,23
"290",428.3,-28.2736297072796,428.3,-27.5179085284472,428.3,-27.5179085284472,"$15,000 to $19,999",11602,428.3,428.3,428.3,20
"291",328.413043478261,20.4606923907995,328.413043478261,-19.6985897570848,328.413043478261,-19.6985897570848,"$20,000 to $29,999",11602,328.413043478261,328.413043478261,328.413043478261,46
"292",103.169811320755,19.8775464746511,103.169811320755,-18.3546793460846,103.169811320755,-18.3546793460846,"$30,000 to $39,999",11602,103.169811320755,103.169811320755,103.169811320755,53
"293",44.5897435897436,-49.6715628272049,44.5897435897436,-30.8452014947602,44.5897435897436,-27.9518290151064,"$40,000 to $49,999",11602,44.5897435897436,44.5897435897436,44.5897435897436,78
"294",203.181818181818,30.3867176622152,203.181818181818,29.7162904292345,203.181818181818,29.7162904292345,"$5,000 to $9,999",11602,203.181818181818,203.181818181818,203.181818181818,11
"295",-31.6608695652174,13.054597751213,-31.6608695652174,-32.5408415549756,-31.6608695652174,-10.4072905746078,"$50,000 to $69,999",11602,-31.6608695652174,-31.6608695652174,-31.6608695652174,115
"296",76.8861788617886,78.3678571097497,76.8861788617886,-2.14044090663022,76.8861788617886,0.913496068351776,"$70,000 or More",11602,76.8861788617886,76.8861788617886,76.8861788617886,861
"297",4.90909090909091,-30.049079042633,4.90909090909091,-44.0596755133492,4.90909090909093,-27.0622931718826,"Less than $5,000",11602,4.90909090909091,4.90909090909091,4.90909090909091,22
"298",332.636363636364,-27.9816877096891,332.636363636364,26.9131418019533,332.636363636364,26.9131418019533,"$10,000 to $14,999",11603,332.636363636364,332.636363636364,332.636363636364,22
"299",249.6,-30.936818510294,249.6,-30.5068030506372,249.6,-30.5068030506372,"$15,000 to $19,999",11603,249.6,249.6,249.6,10
"300",241.90625,-24.3670837432146,241.90625,-23.4168743789196,241.90625,-23.4168743789196,"$20,000 to $29,999",11603,241.90625,241.90625,241.90625,32
"301",122.153846153846,-21.8626587688923,122.153846153846,-21.1044108718634,122.153846153846,-21.1044108718634,"$30,000 to $39,999",11603,122.153846153846,122.153846153846,122.153846153846,39
"302",66.2195121951219,57.8354694427214,66.2195121951219,-40.713529134622,66.219512195122,-20.0022530798413,"$40,000 to $49,999",11603,66.219512195122,66.219512195122,66.219512195122,41
"303",236.294117647059,-29.492178067565,236.294117647059,28.3203406333923,236.294117647059,28.3203406333923,"$5,000 to $9,999",11603,236.294117647059,236.294117647059,236.294117647059,17
"304",21.8421052631579,61.9582423695948,21.8421052631579,-44.8596502394363,21.8421052631579,-29.8111658758238,"$50,000 to $69,999",11603,21.8421052631579,21.8421052631579,21.8421052631579,76
"305",128.36925795053,-4.65189102665481,128.36925795053,-4.0913163005648,128.36925795053,3.0253819143617,"$70,000 or More",11603,128.36925795053,128.36925795053,128.36925795053,566
"306",5.69230769230768,-31.8830926998107,5.69230769230768,-45.8604635547973,5.69230769230768,-29.0265032351017,"Less than $5,000",11603,5.69230769230769,5.69230769230769,5.69230769230769,13
"307",292.206896551724,25.7432158589363,292.206896551724,24.1316827535629,292.206896551724,24.3387022763666,"$10,000 to $14,999",11604,292.206896551724,292.206896551724,292.206896551724,29
"308",923.666666666667,-28.2923476547003,923.666666666667,-27.1823522746563,923.666666666667,-27.1823522746563,"$15,000 to $19,999",11604,923.666666666667,923.666666666667,923.666666666667,21
"309",586.416666666667,-17.6788657307625,586.416666666667,17.0226333925285,586.416666666667,16.8462521284819,"$20,000 to $29,999",11604,586.416666666667,586.416666666667,586.416666666667,60
"310",130.418181818182,-21.7196641550588,130.418181818182,17.919032946229,130.418181818182,17.4591158315759,"$30,000 to $39,999",11604,130.418181818182,130.418181818182,130.418181818182,55
"311",87.4923076923077,-9.07214845643969,87.4923076923077,18.4672560421644,87.4923076923077,16.3085404485464,"$40,000 to $49,999",11604,87.4923076923077,87.4923076923077,87.4923076923077,65
"312",305.444444444444,-29.9036679671948,305.444444444444,-28.018300652504,305.444444444444,-28.018300652504,"$5,000 to $9,999",11604,305.444444444444,305.444444444444,305.444444444444,18
"313",26.271186440678,62.5629692996889,26.271186440678,47.4382340072344,26.271186440678,27.0970415819205,"$50,000 to $69,999",11604,26.271186440678,26.271186440678,26.271186440678,118
"314",99.3380726698262,2.4987514375706,99.3380726698261,2.9244005744961,99.3380726698261,-1.14181104583901,"$70,000 or More",11604,99.3380726698262,99.3380726698262,99.3380726698262,633
"315",-28.9,-28.6248394101858,-28.9,-48.3313543250509,-28.9,-27.4765409827232,"Less than $5,000",11604,-28.9,-28.9,-28.9,20
"316",654.294117647059,-29.4880665540695,654.294117647059,-28.2281998544931,654.294117647059,-28.2281998544931,"$10,000 to $14,999",11605,654.294117647059,654.294117647059,654.294117647059,17
"317",551.722222222222,-29.2340314239264,551.722222222222,-27.9166421294212,551.722222222222,-27.9166421294212,"$15,000 to $19,999",11605,551.722222222222,551.722222222222,551.722222222222,18
"318",415.428571428572,26.1840607158776,415.428571428571,24.7333600372076,415.428571428571,24.7333600372076,"$20,000 to $29,999",11605,415.428571428571,415.428571428571,415.428571428571,28
"319",126.478260869565,20.1121120303869,126.478260869565,-19.6281688064337,126.478260869565,-19.6281688064337,"$30,000 to $39,999",11605,126.478260869565,126.478260869565,126.478260869565,46
"320",119.25,27.6390086253401,119.25,24.7328603714705,119.25,24.7328603714705,"$40,000 to $49,999",11605,119.25,119.25,119.25,28
"321",505.333333333333,31.4001449644566,505.333333333333,31.1745128929615,505.333333333333,31.1745128929615,"$5,000 to $9,999",11605,505.333333333333,505.333333333333,505.333333333333,6
"322",11.4657534246575,53.0379782842846,11.4657534246575,30.3615607014805,11.4657534246575,25.080908106685,"$50,000 to $69,999",11605,11.4657534246575,11.4657534246575,11.4657534246575,73
"323",33.4201183431953,6.83263359529911,33.4201183431953,7.85323090696909,33.4201183431953,-16.2920203943908,"$70,000 or More",11605,33.4201183431953,33.4201183431953,33.4201183431953,338
"324",13.4545454545455,49.3711883254726,13.4545454545455,47.1771937181449,13.4545454545454,44.0008065571526,"Less than $5,000",11605,13.4545454545455,13.4545454545455,13.4545454545455,11
"325",391.772727272727,-27.846365660429,343.181818181818,-27.009559201766,256.181818181818,-27.0021980223829,"$10,000 to $14,999",11606,391.772727272727,343.181818181818,256.181818181818,22
"326",276.740740740741,26.4822170883417,230.740740740741,-25.0221268087626,148.555555555556,-25.0221268087626,"$15,000 to $19,999",11606,276.740740740741,230.740740740741,148.555555555556,27
"327",461.263888888889,-16.1347724050283,411.388888888889,-19.5915899164363,322.069444444444,-18.7637359776179,"$20,000 to $29,999",11606,461.263888888889,411.388888888889,322.069444444444,72
"328",112.546511627907,21.1669541166649,51.7558139534884,32.7096939341461,-57.7441860465116,35.1634523840392,"$30,000 to $39,999",11606,112.546511627907,51.7558139534884,-57.7441860465116,86
"329",68.9509803921569,-35.4586144528878,16.343137254902,3.01053402752822,-78.0980392156863,40.0870333099628,"$40,000 to $49,999",11606,68.9509803921569,16.343137254902,-78.0980392156863,102
"330",449.285714285714,-29.7959192842245,402.857142857143,-28.9306155741215,319.5,-28.9306155741215,"$5,000 to $9,999",11606,449.285714285714,402.857142857143,319.5,14
"331",-30.24,7.00269068321997,-83.8,6.73942057788372,-180.275,6.73942057788372,"$50,000 to $69,999",11606,-30.24,-83.8,-180.275,200
"332",37.8280373831776,-55.9858135020869,-18.0308411214953,18.6893885632862,-118.554205607477,50.0610234222053,"$70,000 or More",11606,37.8280373831776,-18.0308411214953,-118.554205607477,1070
"333",3.875,-31.8179442191351,-55.4375,-35.691200738443,-162,-28.4694856703281,"Less than $5,000",11606,3.875,-55.4375,-162,16
"334",486.055555555555,29.3472235570772,443.555555555555,-27.9162572473288,362.888888888889,-28.3853120852567,"$10,000 to $14,999",11607,486.055555555556,443.555555555556,362.888888888889,18
"335",722.869565217391,27.5578829348087,674.04347826087,26.1252985596657,581.565217391304,26.1252985596657,"$15,000 to $19,999",11607,722.869565217391,674.04347826087,581.565217391304,23
"336",277.388059701493,16.5565956532955,228.477611940299,-16.1454826891422,135.537313432836,-15.1886266350929,"$20,000 to $29,999",11607,277.388059701493,228.477611940299,135.537313432836,67
"337",215.655737704918,-17.5512425750494,170.377049180328,-16.7124046236277,84.3606557377049,-21.980376501249,"$30,000 to $39,999",11607,215.655737704918,170.377049180328,84.3606557377049,61
"338",71.2954545454546,54.2468041222161,19.8068181818182,-2.72201688689356,-77.8068181818182,30.203544539224,"$40,000 to $49,999",11607,71.2954545454545,19.8068181818182,-77.8068181818182,88
"339",445.9,28.6093133836985,394.8,27.4722508639097,297.75,27.4722508639097,"$5,000 to $9,999",11607,445.9,394.8,297.75,20
"340",-36.3926701570681,-8.37864807248116,-81.6073298429319,-7.64839132130146,-167.534031413613,-11.9545502278411,"$50,000 to $69,999",11607,-36.3926701570681,-81.6073298429319,-167.534031413613,191
"341",77.4921428571428,60.0681273162794,28.3085714285714,-30.1307713323391,-65.075,7.83428180221281,"$70,000 or More",11607,77.4921428571429,28.3085714285714,-65.075,1400
"342",-119.6875,29.5893317461014,-170.5,28.4592171907425,-267,28.4592171907425,"Less than $5,000",11607,-119.6875,-170.5,-267,16
"343",286.722222222222,29.163249194622,286.722222222222,27.8855979293585,286.722222222222,26.6940519286999,"$10,000 to $14,999",11608,286.722222222222,286.722222222222,286.722222222222,18
"344",215.423076923077,-26.9158596396446,215.423076923077,-25.276791125536,215.423076923077,-25.276791125536,"$15,000 to $19,999",11608,215.423076923077,215.423076923077,215.423076923077,26
"345",256.049180327869,16.7545302449838,256.049180327869,-16.6637174338102,256.049180327869,-16.6637174338102,"$20,000 to $29,999",11608,256.049180327869,256.049180327869,256.049180327869,61
"346",93.4657534246575,32.2419083407978,93.4657534246575,-25.8350694500356,93.4657534246575,-17.4671435852984,"$30,000 to $39,999",11608,93.4657534246575,93.4657534246575,93.4657534246575,73
"347",-91.4375,15.1875499486923,-91.4375,14.6758158951998,-91.4375,37.3679856278208,"$40,000 to $49,999",11608,-91.4375,-91.4375,-91.4375,80
"348",248.111111111111,29.1192318946123,248.111111111111,-27.8747175186872,248.111111111111,-27.8747175186872,"$5,000 to $9,999",11608,248.111111111111,248.111111111111,248.111111111111,18
"349",-172.970149253731,-7.51970410346985,-172.970149253731,6.62963633239269,-172.970149253731,11.8802297054837,"$50,000 to $69,999",11608,-172.970149253731,-172.970149253731,-172.970149253731,201
"350",-57.6307947019868,-0.648236435934393,-57.6307947019868,-26.2779931099502,-57.6307947019868,24.1952464134789,"$70,000 or More",11608,-57.6307947019868,-57.6307947019868,-57.6307947019868,1208
"351",-201.181818181818,-23.787016004324,-201.181818181818,-22.837338462472,-201.181818181818,-22.837338462472,"Less than $5,000",11608,-201.181818181818,-201.181818181818,-201.181818181818,33
"352",529.428571428571,-29.7811589688063,457.285714285714,-28.7718617916107,386.5,-28.7718617916107,"$10,000 to $14,999",11609,529.428571428571,457.285714285714,386.5,14
"353",429.3,28.5796319246292,364.85,-27.4461424648762,301.55,-27.4461424648762,"$15,000 to $19,999",11609,429.3,364.85,301.55,20
"354",287.363636363636,-23.771860703826,210.424242424242,-22.8285197168589,135.090909090909,-25.2627724901872,"$20,000 to $29,999",11609,287.363636363636,210.424242424242,135.090909090909,33
"355",281.218181818182,18.5108153223991,211.6,17.8505393564701,143.309090909091,17.8505393564701,"$30,000 to $39,999",11609,281.218181818182,211.6,143.309090909091,55
"356",38.8507462686567,-45.9502957993556,-29.3432835820896,55.503494826287,-96.2238805970149,37.1182860682977,"$40,000 to $49,999",11609,38.8507462686567,-29.3432835820896,-96.2238805970149,67
"357",514.888888888889,-31.2473769783974,450,30.7851574271917,386.222222222222,30.7851574271917,"$5,000 to $9,999",11609,514.888888888889,450,386.222222222222,9
"358",-44.8095238095238,11.2546406686306,-112.65873015873,-10.6546684354544,-179.198412698413,-13.8407826300938,"$50,000 to $69,999",11609,-44.8095238095238,-112.65873015873,-179.198412698413,126
"359",87.4954838709677,21.8826311824765,14.1722580645161,-38.8616939258394,-57.7864516129032,-21.5088431562053,"$70,000 or More",11609,87.4954838709677,14.1722580645161,-57.7864516129032,1550
"360",-84.4166666666667,30.1089107245207,-155,29.0388896018267,-224.25,29.0388896018267,"Less than $5,000",11609,-84.4166666666667,-155,-224.25,12
"361",560.685714285714,22.9559969902039,479.114285714286,-21.9702955186367,398.257142857143,-21.9702955186367,"$10,000 to $14,999",11610,560.685714285714,479.114285714286,398.257142857143,35
"362",609.85,-21.4469666332006,535.325,-20.7918868213892,461.4,-20.7918868213892,"$15,000 to $19,999",11610,609.85,535.325,461.4,40
"363",574,16.2132928371429,499.56338028169,-15.825154479384,425.704225352113,-15.4869260340929,"$20,000 to $29,999",11610,574,499.56338028169,425.704225352113,71
"364",307.347826086957,16.3979903387161,235.163043478261,13.600939437747,163.489130434783,14.9708386753726,"$30,000 to $39,999",11610,307.347826086957,235.163043478261,163.489130434783,92
"365",127.675675675676,12.5566079616547,49.3423423423423,36.8799111953639,-28.4954954954955,12.6882267046093,"$40,000 to $49,999",11610,127.675675675676,49.3423423423423,-28.4954954954955,111
"366",426.5,29.8442043507402,353.1875,28.3983883708715,280.5625,27.8776786788146,"$5,000 to $9,999",11610,426.5,353.1875,280.5625,16
"367",3.45238095238096,-25.4899028871595,-72.3857142857143,-6.45743642747402,-147.809523809524,-29.9961459176126,"$50,000 to $69,999",11610,3.45238095238095,-72.3857142857143,-147.809523809524,210
"368",16.0328253223915,-28.5528790926873,-59.2250879249707,28.1048402115849,-134.259085580305,32.3732629057283,"$70,000 or More",11610,16.0328253223916,-59.2250879249707,-134.259085580305,853
"369",-1.52941176470591,29.4379907846451,-79.1764705882353,28.1797575801611,-156.058823529412,28.1797575801611,"Less than $5,000",11610,-1.52941176470588,-79.1764705882353,-156.058823529412,17
"370",710.744186046512,14.6425479188354,644.488372093023,-12.2741594099078,578.860465116279,-13.8954268246889,"$10,000 to $14,999",11611,710.744186046512,644.488372093023,578.860465116279,86
"371",715.714285714286,15.5502344369888,653.948051948052,16.7862654315783,592.792207792208,16.6786851185703,"$15,000 to $19,999",11611,715.714285714286,653.948051948052,592.792207792208,77
"372",640.672222222222,-9.04769513010979,571.511111111111,6.67454496173879,502.916666666667,6.83378518372368,"$20,000 to $29,999",11611,640.672222222222,571.511111111111,502.916666666667,180
"373",289.409090909091,10.2382997812555,218.789772727273,-6.40699607808078,148.602272727273,-5.90404602616519,"$30,000 to $39,999",11611,289.409090909091,218.789772727273,148.602272727273,176
"374",78.1295336787564,-46.0200457288783,9.88601036269429,-16.3454844593892,-57.9430051813472,-8.48812615363281,"$40,000 to $49,999",11611,78.1295336787565,9.8860103626943,-57.9430051813472,193
"375",385.888888888889,-22.5075428336859,315.916666666667,-21.6250187605619,246.833333333333,-21.6250187605619,"$5,000 to $9,999",11611,385.888888888889,315.916666666667,246.833333333333,36
"376",44.441095890411,-42.9937262087559,-26.7479452054795,26.9883552162671,-97.5561643835617,-17.0396363337258,"$50,000 to $69,999",11611,44.441095890411,-26.7479452054795,-97.5561643835617,365
"377",25.4231912784936,-16.6374804824021,-47.3102081268583,-13.3040154832027,-119.772051536174,-35.9572319760497,"$70,000 or More",11611,25.4231912784936,-47.3102081268583,-119.772051536174,1009
"378",-0.951219512195109,21.1357250511646,-69.9268292682927,-20.6595497131348,-138.170731707317,-41.9303084431205,"Less than $5,000",11611,-0.951219512195122,-69.9268292682927,-138.170731707317,41
"379",557.592592592593,-26.4706959873438,511.185185185185,-25.0175383388996,419.925925925926,-25.0175383388996,"$10,000 to $14,999",11612,557.592592592593,511.185185185185,419.925925925926,27
"380",667.186046511628,-20.8862365782261,621.279069767442,-20.0415454087688,530.953488372093,-20.1555222719908,"$15,000 to $19,999",11612,667.186046511628,621.279069767442,530.953488372093,43
"381",559.936842105263,-14.0319863259792,509.284210526316,-13.2962397175932,409.547368421053,-13.2093841433525,"$20,000 to $29,999",11612,559.936842105263,509.284210526316,409.547368421053,95
"382",340.449541284404,-14.0441601161002,293.394495412844,-11.758610740304,200.51376146789,-11.758610740304,"$30,000 to $39,999",11612,340.449541284404,293.394495412844,200.51376146789,109
"383",98.954128440367,13.1211254373259,51.9082568807339,-45.1242333254424,-40.8899082568807,-15.0896332428763,"$40,000 to $49,999",11612,98.954128440367,51.9082568807339,-40.8899082568807,109
"384",388.259259259259,26.3456841260195,344.037037037037,-24.690609486711,257.074074074074,-24.697254209379,"$5,000 to $9,999",11612,388.259259259259,344.037037037037,257.074074074074,27
"385",-10.9383886255924,-21.8728238363275,-59.5165876777251,-11.1140345662834,-155.421800947867,-14.0055279708175,"$50,000 to $69,999",11612,-10.9383886255924,-59.5165876777251,-155.421800947867,211
"386",21.4667721518987,34.6106735670772,-28.8227848101266,-22.3382258217149,-128.181962025316,-1.3190740575604,"$70,000 or More",11612,21.4667721518987,-28.8227848101266,-128.181962025316,632
"387",26.03125,-52.6267263665789,-20.34375,45.3192300288803,-111.71875,43.8693812347185,"Less than $5,000",11612,26.03125,-20.34375,-111.71875,32
"388",494.422222222222,21.5893505805143,494.422222222222,-19.9901412067317,494.422222222222,-20.0359592377309,"$10,000 to $14,999",11613,494.422222222222,494.422222222222,494.422222222222,45
"389",646.5,20.554388359189,646.5,19.8956955373287,646.5,19.8956955373287,"$15,000 to $19,999",11613,646.5,646.5,646.5,44
"390",456,-14.5116645246744,456,13.7962282299995,456,14.1692271627972,"$20,000 to $29,999",11613,456,456,456,89
"391",263.300970873786,13.2263380438089,263.300970873786,12.1361823230982,263.300970873786,11.7985014642962,"$30,000 to $39,999",11613,263.300970873786,263.300970873786,263.300970873786,103
"392",49.6956521739131,-37.3873658676601,49.6956521739131,28.2242143405942,49.6956521739131,19.9872982150091,"$40,000 to $49,999",11613,49.695652173913,49.695652173913,49.695652173913,115
"393",372.828571428571,22.8800983726978,372.828571428571,22.5446419482371,372.828571428571,21.846509873867,"$5,000 to $9,999",11613,372.828571428571,372.828571428571,372.828571428571,35
"394",-92.6666666666667,-6.78726035356522,-92.6666666666667,-6.03586478531361,-92.6666666666667,-38.6350531197635,"$50,000 to $69,999",11613,-92.6666666666667,-92.6666666666667,-92.6666666666667,222
"395",-142.736231884058,-2.38526241481304,-142.736231884058,-1.54719752073288,-142.736231884058,5.42218263436928,"$70,000 or More",11613,-142.736231884058,-142.736231884058,-142.736231884058,690
"396",-137.785714285714,-26.0064094364643,-137.785714285714,-24.4658808261156,-137.785714285714,-44.8274248594722,"Less than $5,000",11613,-137.785714285714,-137.785714285714,-137.785714285714,28
"397",596.257142857143,-22.7976140379906,519.885714285714,21.7993314564228,445.2,21.7993314564228,"$10,000 to $14,999",11614,596.257142857143,519.885714285714,445.2,35
"398",730.933333333333,20.4769334942102,656.711111111111,-19.7593529671431,584.133333333333,-19.8197211677102,"$15,000 to $19,999",11614,730.933333333333,656.711111111111,584.133333333333,45
"399",670.512396694215,11.3771279156208,595.909090909091,9.19378745522002,522.933884297521,9.11625740124465,"$20,000 to $29,999",11614,670.512396694215,595.909090909091,522.933884297521,121
"400",404.246376811594,-3.79271370389971,330.442028985507,8.57897878991189,258.18115942029,9.27408419016658,"$30,000 to $39,999",11614,404.246376811594,330.442028985507,258.18115942029,138
"401",147.388235294118,-6.78436663524739,72.9882352941177,28.8463377881746,0.0529411764705969,19.491118391695,"$40,000 to $49,999",11614,147.388235294118,72.9882352941176,0.0529411764705882,170
"402",448.818181818182,27.8246474564075,373.136363636364,-26.6807105392218,299.181818181818,-26.6807105392218,"$5,000 to $9,999",11614,448.818181818182,373.136363636364,299.181818181818,22
"403",59.8090277777778,62.1905561759258,-16.2881944444445,-25.636244773519,-90.9027777777778,13.5517848775557,"$50,000 to $69,999",11614,59.8090277777778,-16.2881944444444,-90.9027777777778,288
"404",15.3640661938534,22.6054257518739,-63.0697399527187,-0.806300643774549,-139.959810874704,-8.09938737939012,"$70,000 or More",11614,15.3640661938534,-63.0697399527187,-139.959810874704,846
"405",10.25,-38.6035638044773,-71.84375,23.330876737833,-152.09375,31.8181687820312,"Less than $5,000",11614,10.25,-71.84375,-152.09375,32
"406",556.2,-30.8507042229176,556.2,30.4749244749546,556.2,30.4749244749546,"$10,000 to $14,999",11615,556.2,556.2,556.2,10
"407",113.6,-31.6949474960566,113.6,31.4819900691509,113.6,31.4819900691509,"$15,000 to $19,999",11615,113.6,113.6,113.6,5
"408",524.833333333333,-27.3287753015757,524.833333333333,-25.6341657489538,524.833333333333,-25.6341657489538,"$20,000 to $29,999",11615,524.833333333333,524.833333333333,524.833333333333,24
"409",237.357142857143,26.0041767209768,237.357142857143,-24.3902362734079,237.357142857143,-24.3902362734079,"$30,000 to $39,999",11615,237.357142857143,237.357142857143,237.357142857143,28
"410",-28.3529411764706,-23.4409914761782,-28.3529411764706,-30.0665840597075,-28.3529411764706,-22.5378747582436,"$40,000 to $49,999",11615,-28.3529411764706,-28.3529411764706,-28.3529411764706,34
"411",221.333333333333,31.9651459306479,221.333333333333,-31.8762985765934,221.333333333333,-31.8762985765934,"$5,000 to $9,999",11615,221.333333333333,221.333333333333,221.333333333333,3
"412",-119.969387755102,13.7963008135557,-119.969387755102,12.9576008021832,-119.969387755102,77.4217107698908,"$50,000 to $69,999",11615,-119.969387755102,-119.969387755102,-119.969387755102,98
"413",-115.446120689655,-3.08214315772057,-115.446120689655,-2.46068219840527,-115.446120689655,-48.4674360868263,"$70,000 or More",11615,-115.446120689655,-115.446120689655,-115.446120689655,464
"414",-72.6666666666667,-31.9158619791269,-72.6666666666667,31.7489517778158,-72.6666666666667,38.9829500282434,"Less than $5,000",11615,-72.6666666666667,-72.6666666666667,-72.6666666666667,3
"415",626.909090909091,-30.2401357442141,570.363636363636,29.5302359312773,463.363636363636,29.5302359312773,"$10,000 to $14,999",11616,626.909090909091,570.363636363636,463.363636363636,11
"416",474.583333333333,-27.3122003376484,425,-25.5909858196974,330.708333333333,-25.5909858196974,"$15,000 to $19,999",11616,474.583333333333,425,330.708333333333,24
"417",525.527272727273,19.9076158954543,473.6,-17.8364206254482,375.145454545455,-17.8364206254482,"$20,000 to $29,999",11616,525.527272727273,473.6,375.145454545455,55
"418",28.2666666666667,-50.7408179711406,-21.25,48.4779575946874,-115.266666666667,41.4564236653242,"$30,000 to $39,999",11616,28.2666666666667,-21.25,-115.266666666667,60
"419",190.81,13.5977620333433,144.59,14.0908410364972,56.66,19.8556684089443,"$40,000 to $49,999",11616,190.81,144.59,56.66,100
"420",405.666666666667,30.0498026311398,362.333333333333,29.0270973443985,279.916666666667,29.6283611061559,"$5,000 to $9,999",11616,405.666666666667,362.333333333333,279.916666666667,12
"421",33.0463917525773,-24.268582413926,-16.2886597938144,-0.390339667698299,-110.030927835052,31.3498222465617,"$50,000 to $69,999",11616,33.0463917525773,-16.2886597938144,-110.030927835052,194
"422",70.264192139738,42.5451436340454,18.4454148471616,39.4244622163626,-79.9046579330422,19.0227915751044,"$70,000 or More",11616,70.264192139738,18.4454148471616,-79.9046579330422,1374
"423",27.5,63.8683594534679,-27.85,44.7668028491607,-132.75,40.6563710712913,"Less than $5,000",11616,27.5,-27.85,-132.75,20
"424",394.535714285714,-25.9810631126165,394.535714285714,24.3596182316542,394.535714285714,24.3596182316542,"$10,000 to $14,999",11701,394.535714285714,394.535714285714,394.535714285714,28
"425",640.230769230769,-22.256506064087,640.230769230769,-21.4282075991568,640.230769230769,-21.4282075991567,"$15,000 to $19,999",11701,640.230769230769,640.230769230769,640.230769230769,39
"426",504.712871287129,13.3593632727861,504.712871287129,12.2833710163832,504.712871287129,13.1149116270825,"$20,000 to $29,999",11701,504.712871287129,504.712871287129,504.712871287129,101
"427",219.876033057851,11.3347904980183,219.876033057851,-15.3300140639157,219.876033057851,-10.7267408519983,"$30,000 to $39,999",11701,219.876033057851,219.876033057851,219.876033057851,121
"428",151.374045801527,-11.4868593346717,151.374045801527,-13.025544694721,151.374045801527,-15.4416770002054,"$40,000 to $49,999",11701,151.374045801527,151.374045801527,151.374045801527,131
"429",499.633333333333,24.191982140533,499.633333333333,-23.9644738584757,499.633333333333,-23.9644738584757,"$5,000 to $9,999",11701,499.633333333333,499.633333333333,499.633333333333,30
"430",-4.85018726591764,-17.2511219760198,-4.85018726591758,-36.8091504627006,-4.85018726591761,-12.3917087219391,"$50,000 to $69,999",11701,-4.8501872659176,-4.8501872659176,-4.8501872659176,267
"431",25.2059672762271,51.8848774781733,25.2059672762271,16.7342834368673,25.2059672762272,14.3140496565733,"$70,000 or More",11701,25.2059672762271,25.2059672762271,25.2059672762271,1039
"432",0.0434782608695627,27.5035651773214,0.0434782608695627,-32.4710786668858,0.0434782608695627,-28.2367577573143,"Less than $5,000",11701,0.0434782608695652,0.0434782608695652,0.0434782608695652,23
"433",763.428571428571,-31.3714888244867,763.428571428571,-31.1430186778307,763.428571428572,-31.1430186778307,"$10,000 to $14,999",11702,763.428571428571,763.428571428571,763.428571428571,7
"434",950.25,-31.2742276489735,950.25,30.8200614601374,950.25,30.8200614601374,"$15,000 to $19,999",11702,950.25,950.25,950.25,8
"435",578.2,27.1594472825527,578.2,25.4623034894466,578.2,25.4623034894466,"$20,000 to $29,999",11702,578.2,578.2,578.2,25
"436",411.205882352941,-26.6760271016112,411.205882352941,-23.1658853340035,411.205882352941,-23.3246869488941,"$30,000 to $39,999",11702,411.205882352941,411.205882352941,411.205882352941,34
"437",68.5,53.2004180739455,68.5,-26.3417933452448,68.4999999999999,-22.1633796192719,"$40,000 to $49,999",11702,68.5,68.5,68.5,38
"438",59,66.8622173687122,59,65.6965287787792,58.9999999999999,31.5317799150944,"$5,000 to $9,999",11702,59,59,59,4
"439",-20.1066666666667,15.6870487183332,-20.1066666666667,-51.8513073235992,-20.1066666666667,-16.0013382097341,"$50,000 to $69,999",11702,-20.1066666666667,-20.1066666666667,-20.1066666666667,75
"440",33.8464052287582,-31.0396502601817,33.8464052287581,-6.6863862435862,33.8464052287582,-6.24075853571054,"$70,000 or More",11702,33.8464052287582,33.8464052287582,33.8464052287582,306
"441",23.0909090909091,-71.317667853694,23.0909090909091,65.396563563555,23.0909090909091,46.4413106921194,"Less than $5,000",11702,23.0909090909091,23.0909090909091,23.0909090909091,11
"442",638.98,-19.1714796581735,638.98,-18.3431646305365,638.98,-18.3431646305366,"$10,000 to $14,999",11703,638.98,638.98,638.98,50
"443",355.340425531915,-19.9736437648535,355.340425531915,-19.0276956707239,355.340425531915,-21.969007878774,"$15,000 to $19,999",11703,355.340425531915,355.340425531915,355.340425531915,47
"444",628.39,11.4635623519962,628.39,-12.387631431222,628.39,-12.387631431222,"$20,000 to $29,999",11703,628.39,628.39,628.39,100
"445",320.18253968254,11.2517199963331,320.18253968254,-10.6384044289589,320.18253968254,-9.33060077848933,"$30,000 to $39,999",11703,320.18253968254,320.18253968254,320.18253968254,126
"446",144.685714285714,-12.3838719108779,144.685714285714,8.63364143576675,144.685714285714,9.99438819289207,"$40,000 to $49,999",11703,144.685714285714,144.685714285714,144.685714285714,140
"447",431.911764705882,-23.3911339044571,431.911764705882,22.3652539551258,431.911764705882,23.6608318334636,"$5,000 to $9,999",11703,431.911764705882,431.911764705882,431.911764705882,34
"448",39.2874015748031,27.5741327656744,39.2874015748031,-0.279325702322396,39.2874015748031,-25.8403754139978,"$50,000 to $69,999",11703,39.2874015748031,39.2874015748031,39.2874015748031,254
"449",19.2507288629738,-51.2819395864389,19.2507288629738,-66.1195840743554,19.2507288629737,-8.0002096931583,"$70,000 or More",11703,19.2507288629738,19.2507288629738,19.2507288629738,686
"450",42.48,-64.1856186349393,42.48,-33.5486190075559,42.48,-30.6609511425331,"Less than $5,000",11703,42.48,42.48,42.48,25
"451",482.0625,29.5101620554924,402.9375,28.396611481905,324.1875,28.396611481905,"$10,000 to $14,999",11704,482.0625,402.9375,324.1875,16
"452",478.272727272727,30.1438173353672,413.181818181818,-29.3421805500984,348.545454545455,-29.3421805500984,"$15,000 to $19,999",11704,478.272727272727,413.181818181818,348.545454545455,11
"453",275.860465116279,20.6335456818342,208.720930232558,-20.0820735096931,141.674418604651,-20.0820735096931,"$20,000 to $29,999",11704,275.860465116279,208.720930232558,141.674418604651,43
"454",175.84375,17.0779362767935,100.921875,16.5185953527689,26.125,31.8098440788544,"$30,000 to $39,999",11704,175.84375,100.921875,26.125,64
"455",13.8101265822785,-37.9539209360082,-65.1518987341772,-13.8692620528187,-143.898734177215,-16.7065207013221,"$40,000 to $49,999",11704,13.8101265822785,-65.1518987341772,-143.898734177215,79
"456",352.9,30.7433459758759,291.5,-30.2216241657734,230.5,-30.2216241657734,"$5,000 to $9,999",11704,352.9,291.5,230.5,10
"457",39.035,-39.190075579995,-30.61,41.4284928546168,-100.07,17.6548808554292,"$50,000 to $69,999",11704,39.035,-30.61,-100.07,200
"458",26.5763135946622,-39.5702098415689,-47.3811509591326,17.4369243974905,-120.950792326939,12.0887685026127,"$70,000 or More",11704,26.5763135946622,-47.3811509591326,-120.950792326939,1199
"459",-15.2941176470588,30.326296849242,-95.9411764705882,28.1047491878271,-176.470588235294,28.1047491878271,"Less than $5,000",11704,-15.2941176470588,-95.9411764705882,-176.470588235294,17
"460",458.793103448276,-25.7402535974979,397.241379310345,-24.0816918313503,335.862068965517,-24.0816918313503,"$10,000 to $14,999",11705,458.793103448276,397.241379310345,335.862068965517,29
"461",417.516129032258,24.4485604767453,340.032258064516,-22.1989145499839,262.645161290323,-23.5876914858818,"$15,000 to $19,999",11705,417.516129032258,340.032258064516,262.645161290323,31
"462",485.382978723404,15.9815983292099,417.095744680851,-13.2512817382812,348.904255319149,-10.348370488631,"$20,000 to $29,999",11705,485.382978723404,417.095744680851,348.904255319149,94
"463",296.578125,-10.9978892356157,217.5546875,8.71403525310639,138.5859375,12.1357992221191,"$30,000 to $39,999",11705,296.578125,217.5546875,138.5859375,128
"464",103.805970149254,10.522453345564,31.6791044776119,25.6676164320778,-40.3507462686567,10.2285456508398,"$40,000 to $49,999",11705,103.805970149254,31.6791044776119,-40.3507462686567,134
"465",458.5,27.2712431401014,376.916666666667,-25.5441199243069,295.541666666667,-25.5441199243069,"$5,000 to $9,999",11705,458.5,376.916666666667,295.541666666667,24
"466",93.3016949152542,-16.0650027035886,18.8881355932203,26.7231133274675,-55.4338983050847,-1.20804085022971,"$50,000 to $69,999",11705,93.3016949152542,18.8881355932203,-55.4338983050847,295
"467",43.2208293153327,-9.27082174426484,-32.3230472516876,-8.37123907131809,-107.657666345227,8.9647475035236,"$70,000 or More",11705,43.2208293153327,-32.3230472516876,-107.657666345227,1037
"468",0.5,-29.1064262509476,-95.6666666666667,-27.8432051986456,-191.888888888889,-27.8432051986456,"Less than $5,000",11705,0.5,-95.6666666666667,-191.888888888889,18
"469",545,-23.2647944837809,474.911764705882,22.2644575685263,404.941176470588,21.9341657777361,"$10,000 to $14,999",11706,545,474.911764705882,404.941176470588,34
"470",507.404761904762,20.8671768060942,432.404761904762,-20.4052270501852,357.547619047619,-24.4668259283665,"$15,000 to $19,999",11706,507.404761904762,432.404761904762,357.547619047619,42
"471",443.895104895105,-10.2251032739878,372.34965034965,8.26284887102102,300.881118881119,9.90233139693737,"$20,000 to $29,999",11706,443.895104895105,372.34965034965,300.881118881119,143
"472",375.122580645161,-9.71363833546638,299.432258064516,9.41185240447521,223.78064516129,9.41185240447521,"$30,000 to $39,999",11706,375.122580645161,299.432258064516,223.78064516129,155
"473",159.956043956044,10.5473299699804,88.2582417582418,-8.64382752803557,16.6208791208791,-26.8680879276197,"$40,000 to $49,999",11706,159.956043956044,88.2582417582418,16.6208791208791,182
"474",442.5,26.8372333049774,362.923076923077,25.1006934940815,283.384615384615,25.1006934940815,"$5,000 to $9,999",11706,442.5,362.923076923077,283.384615384615,26
"475",95.0519877675841,-7.42590783709102,22.4097859327217,2.97212598589796,-50.0795107033639,7.31979305033587,"$50,000 to $69,999",11706,95.0519877675841,22.4097859327217,-50.0795107033639,327
"476",41.107072691552,14.7135502442232,-37.7043222003929,32.3963325714872,-116.345776031434,-4.17984234965017,"$70,000 or More",11706,41.1070726915521,-37.7043222003929,-116.345776031434,1018
"477",47.5,-48.2541235251208,-37.1333333333333,-50.3549952821575,-121.7,-66.9839995691708,"Less than $5,000",11706,47.5,-37.1333333333333,-121.7,30
"478",578,23.200683966279,504.647058823529,22.6270832609761,432.735294117647,20.8641502911034,"$10,000 to $14,999",11801,578,504.647058823529,432.735294117647,34
"479",503.679245283019,-19.073086887598,426.88679245283,18.2109587192535,351.716981132075,18.2109587192535,"$15,000 to $19,999",11801,503.679245283019,426.88679245283,351.716981132075,53
"480",492.233009708738,12.1478040368758,407.145631067961,14.0557580731855,323.873786407767,12.1224583983421,"$20,000 to $29,999",11801,492.233009708738,407.145631067961,323.873786407767,103
"481",290.26282051282,-9.49137346221616,210.26282051282,-13.7481029665466,131.948717948718,-19.2595100523212,"$30,000 to $39,999",11801,290.26282051282,210.262820512821,131.948717948718,156
"482",238.076923076923,-9.68058823049068,155.608974358974,9.27135682191111,74.8333333333334,14.8099033527022,"$40,000 to $49,999",11801,238.076923076923,155.608974358974,74.8333333333333,156
"483",301.041666666667,27.2207024544477,226.125,25.4969398379326,152.666666666667,25.4969398379326,"$5,000 to $9,999",11801,301.041666666667,226.125,152.666666666667,24
"484",61.5738161559889,-46.5251391889948,-17.5431754874652,-7.72017259310174,-95.0779944289694,-26.0401372227162,"$50,000 to $69,999",11801,61.5738161559889,-17.5431754874652,-95.0779944289694,359
"485",82.9536128456735,-35.1355752103605,-4.13470115967885,-3.57571450793493,-89.4397859054416,-7.02233215154806,"$70,000 or More",11801,82.9536128456735,-4.13470115967886,-89.4397859054416,1121
"486",-29.3103448275862,25.6601133048534,-107.413793103448,24.0812296122313,-183.827586206897,24.0812296122313,"Less than $5,000",11801,-29.3103448275862,-107.413793103448,-183.827586206897,29
"487",676.346153846154,26.6790097355843,634.730769230769,-25.0916079431772,552.769230769231,-25.0916079431772,"$10,000 to $14,999",11802,676.346153846154,634.730769230769,552.769230769231,26
"488",710.279069767442,-20.6296478658915,657.558139534884,20.0598533451557,553.604651162791,20.0598533451557,"$15,000 to $19,999",11802,710.279069767442,657.558139534884,553.604651162791,43
"489",476.878260869565,-11.8414178916002,429.539130434783,-10.7116476219249,336.191304347826,-11.1774622797966,"$20,000 to $29,999",11802,476.878260869565,429.539130434783,336.191304347826,115
"490",271.184931506849,-11.9160478367584,223.397260273973,-10.7581685963876,129.130136986301,-13.8063664934918,"$30,000 to $39,999",11802,271.184931506849,223.397260273973,129.130136986301,146
"491",208.084415584416,16.5627982528312,156.941558441558,-9.7051704482613,56.0779220779221,-17.5336870219079,"$40,000 to $49,999",11802,208.084415584416,156.941558441558,56.0779220779221,154
"492",479.451612903226,-24.4993567913771,434.161290322581,-23.5373969823122,345,-23.5373969823122,"$5,000 to $9,999",11802,479.451612903226,434.161290322581,345,31
"493",34.5772058823529,24.2828943610475,-16.0036764705882,7.20686921344982,-115.992647058824,35.5730795943761,"$50,000 to $69,999",11802,34.5772058823529,-16.0036764705882,-115.992647058824,272
"494",24.1013888888889,3.60292157429058,-28.0458333333333,7.27198617386827,-131.136111111111,-22.0339241165068,"$70,000 or More",11802,24.1013888888889,-28.0458333333333,-131.136111111111,720
"495",9.83333333333334,49.8100459071003,-44.5555555555555,42.7786303494796,-151.861111111111,28.9132970523516,"Less than $5,000",11802,9.83333333333333,-44.5555555555556,-151.861111111111,36
"496",408.850746268657,-20.0377110527688,387.149253731343,16.6694631557257,260.671641791045,19.1116196749229,"$10,000 to $14,999",11900,408.850746268657,387.149253731343,260.671641791045,67
"497",408.051546391753,-15.6005808401919,386.278350515464,12.245831332355,259.175257731959,14.8586989561972,"$15,000 to $19,999",11900,408.051546391753,386.278350515464,259.175257731959,97
"498",307.839622641509,4.30389601066305,286.292452830189,-6.10474076696558,160.575471698113,-5.82015580470944,"$20,000 to $29,999",11900,307.839622641509,286.292452830189,160.575471698113,212
"499",185.591549295775,-9.48798285440184,161.713615023474,6.34213315765201,22.3098591549296,1.80697103189983,"$30,000 to $39,999",11900,185.591549295775,161.713615023474,22.3098591549296,213
"500",136.235741444867,14.3348700184982,112.802281368821,-13.6885241564126,-23.9391634980988,-11.1031620400178,"$40,000 to $49,999",11900,136.235741444867,112.802281368821,-23.9391634980989,263
"501",358.52,19.4810093641281,336.38,18.518798828125,207.28,18.518798828125,"$5,000 to $9,999",11900,358.52,336.38,207.28,50
"502",70.6409090909091,-42.2422365106459,46.4568181818182,5.53110720332631,-94.9136363636364,5.36153136361125,"$50,000 to $69,999",11900,70.6409090909091,46.4568181818182,-94.9136363636364,440
"503",77.2120805369128,7.06397331847296,50.4255033557047,-7.75216337419376,-105.902013422819,-30.1653893423298,"$70,000 or More",11900,77.2120805369128,50.4255033557047,-105.902013422819,745
"504",73.9166666666667,-47.6857769381483,53.25,27.9432612831588,-67.3958333333333,18.67353851598,"Less than $5,000",11900,73.9166666666667,53.25,-67.3958333333333,48
