"","cx","cy","REPORTABLE_DOMAIN","NWEIGHT","MONEYPY","NHSLDMEM","BEDROOMS","UR","KOWNRENT","HDD65","KWH","CUFEETNG","GALLONLP","GALLONFO","GALLONKER","BTUWOOD","wKWH"
"13",260.666666666667,-24.4282395495034,27,7951.519208,15,2,3,"U",2,6,9775,0,0,0,0,0,77726100.2582
"86",109.813333333333,-17.8719540561096,27,7951.521599,23,3,2,"U",1,49,4118,175,0,0,0,0,32744365.944682
"114",182.693333333333,1.35134041847897,27,11795.05458,6,1,4,"U",1,5132,6851,786,0,0,0,10000,80807918.92758
"129",800,-2.82842275458681,27,8236.301527,17,6,4,"R",1,6141,35091,0,0,0,0,0,289020056.883957
"171",409.36,18.7469067450468,27,7757.699624,7,3,4,"U",1,6321,15351,0,0,451,0,0,119088446.928024
"172",350.96,21.9447941268084,27,9131.565906,16,4,3,"U",1,6070,13161,663,0,0,0,0,120180538.888866
"294",598.453333333333,29.5786449788697,27,18357.9092,14,1,2,"U",2,7885,22442,0,0,0,0,10000,411988198.2664
"315",386.16,-17.3377578910516,27,8236.300068,10,3,3,"U",1,5162,14481,0,0,0,0,0,119269861.284708
"347",307.68,-5.00505461190868,27,9263.2658,8,2,3,"U",1,5032,11538,289,0,0,0,0,106879560.8004
"367",358.746666666667,-8.24472294318812,27,9263.26538,14,5,3,"U",1,5070,13453,25,0,0,0,0,124618709.15714
"386",255.493333333333,-14.7510230356584,27,9131.566421,15,4,2,"U",1,6098,9581,766,0,0,0,0,87489537.879601
"412",511.04,-34.2896983494248,27,4473.185336,8,2,2,"U",2,4809,19164,0,0,0,0,10000,85724123.779104
"460",245.306666666667,-42.1051648644792,27,7951.522023,18,3,3,"U",2,12,9199,0,0,0,0,0,73146051.089577
"483",376.56,8.78650273112711,27,13181.17671,7,4,2,"U",2,4877,14121,0,0,0,0,0,186131396.32191
"527",274.133333333333,45.2155756416205,27,10651.14449,22,4,2,"U",2,4746,10280,0,0,0,0,0,109493765.3572
"531",59.7333333333333,74.94007322554,27,10651.14449,5,2,NA,"U",2,4805,2240,0,0,0,0,0,23858563.6576
"542",366,-13.6142134319285,27,5211.538743,21,2,4,"U",1,4797,13725,1354,0,0,0,0,71528369.247675
"545",308.346666666667,24.1973363938938,27,7136.883253,22,3,3,"U",1,10340,11563,1293,0,0,0,0,82523781.054439
"584",155.626666666667,1.8611973200349,27,10270.16157,22,2,3,"U",1,5065,5836,354,0,0,0,0,59936662.92252
"595",282.826666666667,16.520854188468,27,7136.883623,23,2,4,"U",1,9981,10606,1214,0,0,0,0,75693787.705538
"621",237.573333333333,19.3587453422015,27,10423.07692,24,3,5,"U",1,4686,8909,1295,0,0,0,0,92859192.28028
"648",248.133333333333,-5.42795523134333,27,8236.300068,7,3,3,"U",1,5069,9305,25,0,0,0,0,76638772.13274
"716",276.266666666667,30.395502031923,27,6183.702691,6,1,1,"U",2,4790,10360,0,0,0,0,10000,64063159.87876
"733",60.16,37.1483169147549,27,11936.68335,10,1,2,"R",1,10287,2256,380,0,0,0,10000,26929157.6376
"766",568.933333333333,-30.2286970593333,27,9401.18619,24,2,4,"U",1,4612,21335,0,0,0,0,10000,200574307.36365
"804",800,41.4742329596435,27,13394.78234,5,1,3,"U",1,5037,30061,0,0,0,0,10000,402660551.92274
"812",254.533333333333,-13.7342681256881,27,5325.570923,11,3,1,"U",2,4896,9545,0,0,0,0,0,50832574.460035
"830",478.613333333333,-7.90642202886803,27,10512.33182,8,2,2,"U",2,4771,17948,0,0,0,0,0,188675331.50536
"847",653.68,-25.0881656146534,27,11535.94649,23,5,4,"U",1,4809,24513,0,0,0,0,10000,282780656.30937
"875",788.506666666667,0.778197752268438,27,11028.64939,23,3,3,"R",1,5704,29569,0,0,0,0,40000,326106133.81291
"893",28.8266666666667,-20.3016459381643,27,9008.731405,8,2,1,"U",2,12,1081,0,0,0,0,0,9738438.648805
"935",399.893333333333,-29.6281027174187,27,11655.0009,24,2,3,"U",1,5599,14996,1478,0,0,0,0,174778393.4964
"984",136.826666666667,-7.094744149984,27,15356.88976,24,2,3,"U",1,4912,5131,517,0,0,0,0,78796201.35856
"999",329.813333333333,14.9740247018765,27,10270.16067,23,3,3,"U",2,4984,12368,1048,0,0,0,0,127021347.16656
"1054",232.08,21.960119328965,27,7136.883223,23,5,3,"U",1,11256,8703,1235,0,0,0,0,62112294.689769
"1138",455.866666666667,-50.4689875659201,27,8236.297858,7,4,3,"U",1,4842,17095,0,0,0,0,0,140799511.88251
"1151",492.773333333333,24.2932588552831,27,8280.193472,16,3,3,"U",1,5156,18479,0,819,0,0,0,153009695.169088
"1156",302.64,-9.50015349284331,27,9131.56616,14,3,3,"U",1,6897,11349,553,0,0,0,0,103634144.34984
"1161",378.746666666667,-24.0915837757886,27,10774.58603,23,4,3,"R",1,5883,14203,845,0,0,0,0,153031445.38409
"1242",549.04,8.20411629537359,27,8236.296285,20,3,3,"U",1,4803,20589,0,0,0,0,0,169577104.211865
"1248",405.2,-33.9262596027351,27,10270.16234,8,4,3,"U",1,6665,15195,458,0,0,0,0,156055116.7563
"1256",128.613333333333,2.00659919016766,27,8085.781013,16,2,2,"U",2,9878,4823,789,0,0,0,0,38997721.825699
"1275",446.72,-24.6940989273049,27,10755.89449,14,1,3,"R",1,5706,16752,0,0,0,0,0,180182744.49648
"1324",270.853333333333,33.2736576526071,27,9331.369337,7,4,2,"U",2,4758,10157,0,0,0,0,0,94778718.355909
"1332",363.52,-27.2779984294217,27,9550.265714,15,3,3,"U",2,4585,13632,0,0,0,0,0,130189222.213248
"1373",463.44,65.5617185290219,27,7951.520726,21,2,4,"U",1,0,17379,0,0,0,0,0,138189478.697154
"1379",794.293333333333,18.8019626044365,27,17891.40796,8,1,2,"U",1,6018,29786,0,0,0,0,0,532913477.49656
"1390",586.586666666667,-48.096454519292,27,8236.297842,12,4,4,"R",1,4950,21997,0,0,0,0,40000,181173843.630474
"1426",375.146666666667,-10.1053298078861,27,9153.522036,6,2,2,"R",1,7448,14068,25,25,0,0,80000,128771748.002448
"1451",260.773333333333,42.3846038242937,27,7826.429446,18,3,4,"U",2,5101,9779,575,0,0,0,0,76534653.552434
"1483",280.853333333333,-29.3793778407633,27,7951.520605,8,3,3,"R",1,34,10532,0,0,0,0,0,83745415.01186
"1510",172.986666666667,57.4036371698065,27,12367.40458,22,1,1,"U",2,4697,6487,0,0,0,0,0,80227353.51046
"1514",232.346666666667,-1.61370532230221,27,10834.97668,6,1,2,"U",2,4832,8713,0,0,0,0,0,94405151.81284
"1522",187.493333333333,-5.51686137924634,27,8107.240499,6,1,2,"U",2,4976,7031,0,0,0,0,0,57002007.948469
"1645",264.48,2.79442647189605,27,9008.731405,24,3,2,"U",1,33,9918,0,0,0,0,0,89348598.07479
"1707",315.946666666667,-15.0302421956241,27,10651.14449,15,4,2,"U",2,4798,11848,0,0,0,0,0,126194759.91752
"1717",287.973333333333,-81.3802212204946,27,7951.521036,17,3,4,"U",1,71,10799,0,0,0,0,0,85868475.667764
"1719",176.613333333333,4.81664153654039,27,7942.959374,24,2,2,"U",1,4816,6623,566,0,0,0,0,52606219.934002
"1754",290.906666666667,-16.6973157717985,27,13687.18462,6,2,2,"R",1,9716,10909,0,3,0,0,80000,149313497.01958
"1766",392.053333333333,16.6997260469433,27,9563.44727,20,1,3,"U",1,5010,14702,0,0,0,0,0,140601801.76354
"1783",144.506666666667,-44.52393140416,27,9131.565951,8,2,4,"U",1,4835,5419,717,0,0,0,0,49483955.888469
"1792",561.68,9.95774478398767,27,11535.94793,14,3,5,"U",1,4166,21063,385,0,0,0,10000,242981671.24959
"1804",493.44,14.8752007514431,27,8724.989609,12,3,4,"R",1,4984,18504,0,0,0,0,80000,161447207.724936
"1815",247.893333333333,-16.1120864420401,27,14052.67356,3,1,2,"U",1,4210,9296,0,0,0,0,0,130633653.41376
"1838",257.173333333333,-72.4551863555469,27,15692.90828,13,4,2,"U",2,4986,9644,0,0,0,0,0,151342407.45232
"1844",245.146666666667,-49.4393261164892,27,7951.519465,24,4,3,"U",1,137,9193,0,0,0,0,0,73098318.441745
"1885",101.52,20.6887609064007,27,10460.34694,6,1,1,"U",2,10,3807,0,0,0,0,0,39822540.80058
"1907",158.16,52.476745102538,27,11269.88531,10,1,2,"R",2,5038,5931,0,0,0,0,120000,66841689.77361
"1919",256.72,14.0310133659822,27,10834.97235,4,1,1,"U",2,4896,9627,0,0,0,0,0,104308278.81345
"1963",274,-87.2367368736023,27,5211.538743,15,7,3,"U",2,4808,10275,946,0,0,0,0,53548560.584325
"2004",40.16,-0.321221428997169,27,7566.837036,11,3,1,"U",2,0,1506,110,0,0,0,0,11395656.576216
"2028",229.626666666667,-5.62438015084385,27,3815.110532,12,2,3,"U",2,0,8611,0,0,0,0,0,32851916.791052
"2066",286.4,30.2870918975881,27,12102.54009,7,2,3,"U",1,4149,10740,0,0,0,0,0,129981280.5666
"2069",120.933333333333,-8.70052856507685,27,10270.16089,10,5,4,"U",1,4926,4535,846,0,0,0,0,46575179.63615
"2100",286.773333333333,-3.74662922941992,27,9401.188192,15,2,3,"U",1,4878,10754,0,0,0,0,0,101100377.816768
"2107",499.68,-39.3596390428601,27,8640.829386,8,3,3,"U",1,6422,18738,0,0,0,0,0,161911861.034868
"2109",211.733333333333,-49.9943281141412,27,10651.1428,20,2,1,"U",2,4796,7940,0,0,0,0,10000,84570073.832
"2127",266,-7.9081365693103,27,13676.76287,12,1,2,"U",2,4331,9975,399,0,0,0,0,136425709.62825
"2175",562.106666666667,5.98732993791634,27,11535.94958,1,3,3,"U",1,4970,21079,0,0,0,0,10000,243166281.19682
"2184",334.16,2.47774289870428,27,8724.990123,13,3,3,"U",1,4916,12531,0,0,0,0,40000,109332851.231313
"2212",608.32,6.03747421113272,27,11655.00162,23,5,5,"U",1,4748,22812,938,0,0,0,0,265873896.95544
"2222",160.64,38.5307827867188,27,12552.83853,5,1,0,"U",1,6748,6024,35,26,0,0,0,75618299.30472
"2240",345.386666666667,23.5125808714134,27,8815.12031,7,3,3,"U",2,4795,12952,0,0,0,0,0,114173438.25512
"2248",445.68,-55.5443266833793,27,8724.990934,19,2,3,"R",1,5778,16713,0,0,0,0,80000,145820773.479942
"2252",278.08,-18.8532236644175,27,8236.299166,8,2,2,"U",1,5371,10428,25,0,0,0,0,85888127.703048
"2271",242.32,4.34299725498916,27,10512.33266,23,3,3,"U",1,5709,9087,988,0,0,0,0,95525566.88142
"2273",276.026666666667,25.4268431364811,27,7136.883223,23,4,3,"U",1,12525,10351,1630,0,0,0,0,73873878.241273
"2310",253.733333333333,-20.2837604309746,27,12789.87939,24,4,4,"U",1,4685,9515,806,0,0,0,0,121695702.39585
"2364",313.013333333333,30.8019762543527,27,7951.520605,17,6,3,"R",1,49,11738,0,0,0,0,0,93334948.86149
"2404",580.666666666667,8.38792482357665,27,13757.85901,4,1,NA,"U",2,4785,21775,0,0,0,0,10000,299577379.94275
"2449",93.3066666666667,-9.18625636098233,27,11636.38922,18,1,1,"U",1,0,3499,0,78,0,0,0,40715725.88078
"2465",80.1333333333333,-84.6760302108957,27,7942.960618,14,2,2,"U",1,4691,3005,285,0,0,0,0,23868596.65709
"2482",110.453333333333,-77.9283475406085,27,12367.40596,14,1,1,"U",2,4635,4142,0,0,0,0,0,51225795.48632
"2493",543.573333333333,-48.6420489135956,27,11654.99991,23,3,4,"R",1,5667,20384,595,0,0,0,10000,237575518.16544
"2524",385.52,51.9866528429563,27,5325.570923,14,4,2,"U",2,4794,14457,0,0,0,0,0,76991778.833811
"2532",234.746666666667,-45.8519219218058,27,7951.519832,12,2,4,"U",1,18,8803,0,0,0,0,0,69997229.081096
"2552",400.08,13.3592847772761,27,15692.90815,4,2,2,"U",2,4700,15003,0,0,0,0,0,235440700.97445
"2558",296.4,20.0008465223065,27,9131.568004,9,4,3,"U",2,6191,11115,503,0,0,0,0,101497378.36446
"2592",64.7466666666667,-18.9620193386886,27,9232.784198,1,1,2,"U",2,784,2428,213,0,0,0,0,22417200.032744
"2755",67.28,19.5774732106987,27,9008.73088,11,2,2,"U",2,0,2523,203,0,0,0,0,22729028.01024
"2758",387.92,-53.5482500037088,27,10651.14205,14,6,3,"U",2,4938,14547,0,0,0,0,0,154942163.40135
"2765",220.453333333333,-25.7381079958881,27,5211.538743,20,3,3,"U",1,4802,8267,809,0,0,0,0,43083790.788381
"2778",103.973333333333,-14.4124803852717,27,14613.94263,6,3,3,"U",2,5041,3899,415,0,0,0,0,56979762.31437
"2806",149.76,3.27814022312618,27,9695.101689,14,4,3,"U",1,10272,5616,1042,0,0,0,0,54447691.085424
"2841",236.666666666667,-3.72097832608588,27,12367.40845,11,1,2,"U",2,4744,8875,0,0,0,0,0,109760749.99375
"2861",281.52,-1.744725209142,27,7136.882777,17,6,4,"U",1,11642,10557,1456,0,0,0,0,75344071.476789
"2891",598.186666666667,-42.6014527418575,27,14531.59256,8,5,2,"U",1,5732,22432,0,0,0,0,0,325972684.30592
"2910",190.133333333333,-35.7616882591725,27,10588.35991,24,2,3,"U",1,4698,7130,301,0,0,0,0,75495006.1583
"2930",330.506666666667,54.9606179532115,27,10651.14179,13,2,2,"U",2,4710,12394,0,0,0,0,0,132010251.34526
"2934",674.453333333333,8.27648936382583,27,9263.263202,12,4,3,"R",1,4819,25292,0,0,0,0,0,234286452.904984
"2960",333.413333333333,-4.46798752870111,27,7951.522023,9,2,4,"U",1,0,12503,0,0,0,0,0,99417879.853569
"3049",330.746666666667,-2.34206182041253,27,10235.53984,5,1,3,"U",2,4941,12403,0,0,0,0,0,126951400.63552
"3050",389.733333333333,19.385005079841,27,9901.476435,23,2,2,"U",1,5945,14615,0,0,0,0,80000,144710078.097525
"3060",800,47.3437430040187,27,8995.31427,1,3,3,"U",1,4442,31834,0,0,500,0,0,286356834.47118
"3091",216.106666666667,88.7775249919912,27,10423.07973,20,5,5,"U",1,4752,8104,1044,0,0,0,0,84468638.13192
"3131",361.066666666667,-20.8146899162954,27,13851.28339,6,2,3,"U",2,4631,13540,0,0,0,0,40000,187546377.1006
"3143",386.24,39.617890301973,27,11654.99928,24,3,5,"U",1,4682,14484,945,0,0,0,10000,168811009.57152
"3176",224.506666666667,-56.8596396728991,27,7951.522023,11,2,4,"U",1,13,8419,0,0,0,0,0,66943863.911637
"3189",171.013333333333,-50.018502868869,27,10651.14115,12,2,1,"U",2,4730,6413,0,0,0,0,0,68305768.19495
"3379",420.346666666667,-24.6716181335773,27,8236.300068,17,3,3,"U",1,5155,15763,0,0,0,0,0,129828797.971884
"3431",164.266666666667,54.8379079876792,27,12367.40649,10,1,NA,"U",2,4806,6160,0,0,0,0,10000,76183223.9784
"3436",190.586666666667,-17.6934584058205,27,13181.17581,11,3,2,"U",2,4638,7147,0,0,0,0,0,94205863.51407
"3441",193.573333333333,13.6017012689398,27,12921.64528,3,1,NA,"U",2,5740,7259,178,0,0,0,0,93798223.08752
"3478",582.293333333333,-13.1163590283415,27,9263.26711,16,4,3,"R",1,5068,21836,0,0,0,0,0,202272700.61396
"3529",333.333333333333,3.64900504296835,27,9263.263781,5,4,2,"U",2,5064,12500,0,0,0,0,0,115790797.2625
"3550",210.346666666667,-38.5070440724439,27,11739.08267,9,1,NA,"U",2,4478,7888,0,0,0,0,0,92597884.10096
"3578",336.24,15.9301567050216,27,11635.65245,12,6,3,"U",2,6488,12609,317,0,0,0,0,146713941.74205
"3581",400,17.267779686896,27,13757.85901,23,1,2,"U",2,4723,15000,0,0,0,0,0,206367885.15
"3594",412.586666666667,-10.1187778079222,27,7942.958043,22,4,4,"U",1,4804,15472,999,0,0,0,0,122893446.841296
"3598",588.826666666667,3.83955354282884,27,8640.829386,11,2,2,"U",1,6431,22081,0,0,0,0,0,190798153.672266
"3693",800,16.0806762812159,27,15810.32471,11,4,4,"U",1,7039,43684,0,0,0,0,20000,690658224.63164
"3700",636.453333333333,41.0861699098435,27,8640.827564,7,3,3,"U",1,6386,23867,0,0,0,0,0,206230631.469988
"3718",247.013333333333,50.4553671555956,27,7136.881787,24,2,3,"U",1,9703,9263,2277,0,0,0,0,66108935.992981
"3721",68.72,-14.7607368233595,27,8815.118789,8,2,2,"U",2,5028,2577,0,0,0,0,0,22716561.119253
"3740",506.4,-29.614147537471,27,8236.298534,18,2,3,"U",1,5001,18990,0,0,0,0,10000,156407309.16066
"3762",118.4,25.2448232830988,27,9008.73187,8,2,NA,"U",2,14,4440,0,0,0,0,0,39998769.5028
"3800",391.706666666667,-30.6158529522606,27,13046.40491,10,2,4,"R",1,8663,14689,0,0,0,0,80000,191638641.72299
"3822",92.64,22.2671816998697,27,9008.73187,6,2,NA,"U",2,9,3474,0,110,0,0,0,31296334.51638
"3827",522.8,9.99799083030061,27,9718.234566,22,3,3,"R",1,5842,19605,0,0,0,0,0,190525988.66643
"3839",108.88,51.6411361293827,27,5211.538743,24,2,3,"U",1,4783,4083,593,0,0,0,0,21278712.687669
"3848",269.653333333333,24.4487089549066,27,8815.118601,10,2,2,"U",2,5017,10112,0,0,0,0,0,89138479.293312
"3851",248.986666666667,28.866517333968,27,15305.11455,4,1,1,"U",2,5068,9337,0,0,0,0,0,142903854.55335
"3873",283.413333333333,14.491093828917,27,10865.60846,21,4,4,"R",1,5099,10628,0,799,0,0,0,115479686.71288
"3875",150.986666666667,15.9356406433538,27,17649.62328,9,5,2,"U",2,5077,5662,0,0,0,0,0,99932167.01136
"3923",41.12,-32.3309877359761,27,11636.38839,15,1,NA,"U",2,56,1542,76,0,0,0,0,17943310.89738
"3924",77.0666666666667,3.70725991230321,27,17831.41036,8,1,2,"U",1,4983,2890,688,0,0,0,0,51532775.9404
"3962",185.52,-4.98787569695554,27,10460.34694,1,1,2,"U",2,0,6957,0,132,0,0,0,72772633.66158
"4001",111.866666666667,-1.96732446368134,27,15054.52074,17,1,3,"U",1,5781,4195,472,0,0,0,10000,63153714.5043
"4002",229.04,-2.45115000849902,27,10270.16096,15,5,4,"R",1,6310,8589,620,0,0,0,0,88210412.48544
"4007",301.04,58.8306828080948,27,12102.54009,12,2,3,"U",1,3942,11289,0,0,0,0,0,136625575.07601
"4033",428.426666666667,90.3039099178363,27,16873.12954,9,1,2,"U",1,5957,16066,0,0,0,0,0,271083699.18964
"4067",545.066666666667,24.5585657981944,27,8236.298141,20,2,3,"U",1,4955,20440,0,0,0,0,0,168349934.00204
"4111",160.826666666667,45.5148029518957,27,9131.56616,16,2,3,"U",1,7212,6031,782,0,0,0,0,55072475.51096
"4185",465.2,-37.4939510376162,27,13069.73173,19,3,2,"U",2,4028,17445,0,0,0,0,10000,228001470.02985
"4188",693.546666666667,-16.0104333121926,27,13046.40491,12,2,2,"R",1,8803,26008,0,0,296,0,160000,339310898.89928
"4272",97.12,-9.04305095877038,27,9535.680009,10,1,1,"U",2,4702,3642,0,0,0,0,0,34728946.592778
"4279",338.906666666667,5.8755158033658,27,12616.4299,8,1,3,"U",1,5089,12709,0,279,0,0,0,160342207.5991
"4287",154.586666666667,-71.3108060470324,27,10602.97601,16,1,2,"U",1,4772,5797,607,0,0,0,0,61465451.92997
"4302",193.626666666667,46.9538139380494,27,7951.522023,18,2,3,"U",1,25,7261,0,0,0,0,0,57736001.409003
"4354",277.466666666667,-3.66359255903633,27,10123.96781,6,1,NA,"U",2,4945,10405,0,0,0,0,0,105339885.06305
"4420",91.4133333333333,15.6823646473001,27,12367.40845,5,1,1,"U",2,4766,3428,0,0,0,0,0,42395476.1666
"4421",55.6533333333333,-10.1052698086299,27,12367.40845,5,1,1,"U",2,4794,2087,61,0,0,0,0,25810781.43515
"4423",117.253333333333,-14.5120390296762,27,11925.03614,12,1,2,"U",1,5089,4397,729,0,0,0,10000,52434383.90758
"4455",218.56,3.56043218339409,27,3815.110532,10,4,3,"U",2,0,8196,0,0,0,0,0,31268645.920272
"4478",582.533333333333,-9.86896002006653,27,9263.266127,9,3,3,"R",1,7379,21845,25,0,0,0,40000,202356048.544315
"4497",313.333333333333,28.1058261987923,27,6276.511945,8,3,2,"U",2,4407,11750,0,0,0,0,0,73749015.35375
"4531",662.346666666667,4.50048543024497,27,9563.448887,23,1,3,"U",1,5194,24838,0,0,0,0,0,237536943.455306
"4556",164.16,29.8906539802816,27,12294.50837,13,1,1,"U",1,4512,6156,819,0,0,0,0,75684993.52572
"4590",163.493333333333,-61.3603003495126,27,13757.85331,7,1,1,"U",2,4847,6131,0,0,0,0,0,84349398.64361
"4610",78.72,-13.9840262321978,27,3815.110532,12,3,3,"U",2,19,2952,0,0,0,0,0,11262206.290464
"4615",240.96,-25.7510652856256,27,7951.520605,8,2,4,"R",1,0,9036,0,0,0,0,0,71849940.18678
"4649",64.1866666666667,-12.9851198694795,27,4927.897921,6,1,2,"U",1,0,2407,0,0,0,0,0,11861450.295847
"4679",377.04,-26.1139301548704,27,7164.223489,20,2,2,"U",1,4835,14139,0,0,0,0,0,101294955.910971
"4688",191.546666666667,-17.9167983595248,27,7136.883253,23,2,4,"U",1,10174,7183,2379,0,0,0,0,51264232.406299
"4763",384.426666666667,-3.44599407529106,27,7059.119101,19,2,3,"U",1,5133,14416,0,0,0,0,0,101764260.960016
"4767",587.466666666667,-6.00403514197174,27,19400.42802,24,3,3,"U",1,5129,22030,0,0,0,0,0,427391429.2806
"4775",148.88,-0.699366635568212,27,8085.782259,9,4,2,"U",2,10968,5583,559,0,0,0,0,45142922.351997
"4896",306.88,28.0651273731122,27,10270.16234,7,4,3,"U",1,6366,11508,698,0,0,0,20000,118189028.20872
"4915",332.213333333333,0.9683524444914,27,18088.58097,10,1,3,"R",1,5913,12458,0,361,0,0,0,225347541.72426
"4923",177.866666666667,38.7030776321972,27,9401.189239,23,4,3,"U",1,4827,6670,25,0,0,0,0,62705932.22413
"4930",306.746666666667,-42.7210618582618,27,10033.16277,4,1,2,"U",1,6475,11503,0,0,0,0,0,115411471.34331
"4943",363.306666666667,11.7689766285265,27,7164.224611,6,2,1,"U",2,4598,13624,0,0,0,0,0,97605396.100264
"4987",740.4,9.79034730277402,27,9263.264747,15,2,3,"R",1,5315,27765,0,0,0,0,40000,257194545.700455
"4994",212.986666666667,29.296798615417,27,7951.519832,12,2,3,"U",1,33,7987,0,0,0,0,0,63508788.898184
"5057",617.653333333333,-59.9414500871624,27,9263.265359,24,3,3,"R",1,5640,23162,0,0,0,0,0,214555752.245158
"5069",265.6,-1.62749212412137,27,8724.987676,20,3,3,"R",1,4907,9960,0,0,0,0,20000,86900877.25296
"5103",286.426666666667,-1.10999276123395,27,10834.97668,6,1,2,"U",2,4741,10741,0,0,0,0,0,116378484.51988
"5126",217.146666666667,-35.7311560077866,27,15578.37355,8,2,3,"R",3,5549,8143,0,0,0,0,40000,126854695.81765
"5147",330.133333333333,-14.5538661722611,27,10270.16096,16,3,4,"R",1,6686,12380,855,0,0,0,0,127144592.6848
"5164",254.826666666667,-1.76848119131743,27,11795.05168,12,1,3,"U",1,6860,9556,781,0,0,0,0,112713513.85408
"5184",204.64,15.0635433316671,27,9695.101689,8,3,2,"U",1,9962,7674,1171,0,0,0,0,74400210.361386
"5193",140.026666666667,52.9358221336891,27,11925.0351,5,1,2,"U",2,5185,5251,324,0,0,0,0,62618359.3101
"5210",176.026666666667,-32.5834904771013,27,4473.185336,9,2,2,"U",2,4559,6601,0,0,0,0,0,29527496.402936
"5215",252.426666666667,48.9672877571859,27,7837.836823,10,2,2,"U",2,5078,9466,0,0,0,0,0,74192963.366518
"5244",187.413333333333,7.73853243754628,27,7951.521036,1,2,2,"U",2,0,7028,217,0,0,0,0,55883289.841008
"5250",126.666666666667,-26.6396606153022,27,12206.22928,12,1,3,"U",1,5588,4750,776,0,0,0,0,57979589.08
"5251",303.52,31.8848889026333,27,7136.883623,18,4,5,"U",1,10086,11382,1516,0,0,0,0,81232009.396986
"5276",314.826666666667,-34.0651924571991,27,476.0997678,20,5,5,"U",1,4682,11806,1217,0,0,0,10000,5620833.8586468
"5311",67.2533333333333,58.0841901433864,27,9388.677107,10,1,1,"U",1,9985,2522,857,0,0,0,0,23678243.663854
"5319",611.813333333333,-22.2924670646372,27,9263.264747,18,2,4,"R",1,5328,22943,0,0,0,0,0,212527083.090421
"5382",790.746666666667,-15.7082442628939,27,6276.51414,8,2,2,"U",2,5140,29653,0,0,0,0,0,186117473.79342
"5390",800,-48.3444230486445,27,11269.88534,6,1,5,"R",1,5091,40473,0,0,0,0,120000,456126069.36582
"5418",202.053333333333,-5.62798396361518,27,11654.99998,6,2,3,"U",1,4678,7577,612,0,0,0,0,88309934.84846
"5468",300.533333333333,-0.982315862207908,27,8946.37009,16,2,2,"U",1,4599,11270,0,0,0,27,0,100825590.9143
"5472",34.08,36.9541126924722,27,14531.59505,5,2,1,"U",1,4703,1278,0,121,0,0,0,18571378.4739
"5537",511.813333333333,9.64744350950173,27,9263.2658,15,3,3,"U",1,4943,19193,0,0,0,0,0,177789860.4994
"5620",69.9466666666667,-7.10634674784752,27,12012.71375,3,1,1,"U",2,6454,2623,486,0,0,0,0,31509348.16625
"5639",216.826666666667,-29.9961719752111,27,11437.68785,7,1,2,"U",1,4786,8131,0,0,0,0,40000,92999839.90835
"5676",696.213333333333,4.14105630836069,27,6276.513079,21,3,2,"U",2,4938,26108,0,0,0,0,0,163867203.466532
"5729",337.12,73.8296088980983,27,8236.299166,24,3,2,"U",2,5087,12642,0,0,0,0,0,104123294.056572
"5744",533.093333333333,-49.024768034194,27,9263.263781,7,3,4,"U",1,5024,19991,0,0,0,0,0,185181906.245971
"5755",281.92,-10.268245183843,27,10651.14449,23,2,2,"U",2,4760,10572,0,0,0,0,10000,112603899.54828
"5780",145.253333333333,-43.333202305969,27,12294.50856,20,1,3,"U",1,4175,5447,595,0,0,0,0,66968188.12632
"5798",258.24,-13.3487449052456,27,5211.538743,12,5,4,"U",2,4733,9684,1047,0,0,0,0,50468541.187212
"5802",174.213333333333,24.2126721494194,27,9131.566265,13,5,3,"U",1,4947,6533,578,0,0,0,0,59656522.409245
"5822",319.386666666667,-27.791053645072,27,12983.49974,4,1,1,"U",2,6605,11977,0,0,0,0,40000,155503376.38598
"5853",477.253333333333,24.1544642642441,27,11655.00099,23,2,4,"U",1,5665,17897,1003,0,0,0,0,208589552.71803
"5863",384.533333333333,-1.54556342257894,27,7757.701336,12,5,5,"R",3,6104,14420,0,0,0,0,80000,111866053.26512
"5868",378,-18.4229081561916,27,10512.33182,7,5,2,"U",2,4542,14175,0,350,0,0,10000,149012303.5485
"5880",281.866666666667,-23.5758394752638,27,10651.1428,20,2,2,"U",2,4809,10570,0,0,0,0,10000,112582579.396
"5898",290.4,14.9894453372331,27,10651.1428,12,2,2,"U",2,4906,10890,0,0,0,0,10000,115990945.092
"5939",192.293333333333,65.689995123875,27,7566.83476,23,2,2,"U",2,0,7211,49,0,0,0,0,54564445.45436
"5943",277.093333333333,-9.40579377797787,27,7136.883253,17,2,2,"U",1,10079,10391,1230,0,0,0,0,74159353.881923
"5945",399.52,29.4355643540204,27,7757.697801,22,2,2,"R",1,5093,14982,0,0,0,0,80000,116225828.454582
"5950",254.426666666667,6.29394027702847,27,12789.88041,15,2,3,"U",2,5286,9541,552,0,0,0,40000,122028248.99181
"5951",336.48,-21.3348358593715,27,13851.28453,5,3,4,"U",1,4800,12618,0,0,0,0,0,174775508.19954
"5955",180.266666666667,-39.1912420669143,27,5438.698226,24,2,2,"U",1,11615,6760,783,0,0,0,20000,36765600.00776
"5967",163.253333333333,6.30558116671657,27,16624.03137,7,3,1,"R",2,5557,6122,0,0,0,0,0,101772320.04714
"5978",109.146666666667,42.8750288339122,27,7951.521036,17,3,2,"U",2,12,4093,184,0,0,0,0,32545575.600348
"5982",179.066666666667,-25.0988025725565,27,6059.496584,10,2,4,"U",1,21,6715,0,0,0,0,0,40689519.56156
"5990",800,-7.44762342529361,27,10512.33274,17,3,5,"U",1,5559,46958,0,82,0,0,20000,493638120.80492
"5991",350.213333333333,-34.5144145561815,27,8640.827417,9,2,2,"U",1,5031,13133,0,0,0,0,0,113479986.467461
"5999",190.773333333333,84.949212044292,27,13181.1769,8,2,2,"U",2,5098,7154,410,0,0,0,0,94298139.5426
"6001",124.933333333333,2.23633120464583,27,12789.87939,22,5,4,"U",1,4713,4685,1078,0,0,0,0,59920584.94215
"6065",800,31.5486715685101,27,9401.190528,24,3,3,"R",1,5226,32688,0,289,0,0,0,307306115.979264
"6097",628.853333333333,30.0369411866289,27,14531.59256,10,5,3,"U",2,6049,23582,0,0,0,0,0,342684015.74992
"6108",243.76,-20.8504205463004,27,10588.35991,20,2,3,"U",1,4647,9141,579,0,0,0,0,96788197.93731
"6199",325.626666666667,2.32439227162297,27,9263.26711,7,3,3,"U",1,5052,12211,0,0,0,0,0,113113754.68021
"6205",486.426666666667,-19.4230269978292,27,10423.07576,24,7,5,"U",1,4918,18241,747,0,0,0,0,190127324.93816
"6236",431.04,16.6102696068578,27,10512.33176,23,3,3,"R",1,5578,16164,0,349,0,0,0,169921330.56864
"6261",375.653333333333,-38.4481525212228,27,12206.23054,6,1,3,"U",1,5517,14087,0,0,0,0,0,171949169.61698
"6264",351.92,67.7444590183854,27,10423.07517,24,4,3,"U",1,4776,13197,839,0,0,0,0,137553323.01849
"6297",396.08,51.9472228566826,27,12789.88236,23,2,4,"U",1,3799,14853,548,0,0,0,0,189968122.69308
"6317",154.72,-21.9475209811253,27,7951.521851,14,3,2,"U",2,761,5802,0,0,0,0,0,46134729.779502
"6354",192.106666666667,20.7398451266901,27,10444.76567,13,1,3,"U",1,4531,7204,0,0,518,0,10000,75244091.88668
"6392",303.333333333333,43.831403093852,27,11702.79596,11,3,2,"U",2,5067,11375,277,0,0,0,0,133119304.045
"6438",562.533333333333,41.3940774766947,27,8236.299709,24,6,4,"U",1,6290,21095,0,0,0,0,0,173744742.361355
"6466",351.973333333333,-6.73815360254944,27,7136.881787,24,2,6,"U",1,9772,13199,3298,0,0,0,0,94199702.706613
"6514",252.88,1.25152772382612,27,10033.16049,11,1,2,"U",1,4940,9483,0,0,0,0,0,95144460.92667
"6554",337.866666666667,35.3131541896323,27,9131.568004,8,3,2,"U",2,6343,12670,776,0,0,0,0,115696966.61068
"6559",221.68,-45.6544853586218,27,12367.40845,16,1,NA,"U",1,4760,8313,0,0,0,0,0,102810266.44485
"6620",296.96,-29.3431736689889,27,5211.538743,24,3,3,"U",1,4878,11136,1124,0,0,0,0,58035695.442048
"6621",516.986666666667,47.3666732626746,27,9263.263781,7,7,4,"U",1,5002,19387,0,0,0,0,0,179586894.922247
"6652",552.613333333333,-29.6938790965368,27,9263.266127,8,2,3,"R",1,7660,20723,0,0,0,0,0,191962663.949821
"6668",118.133333333333,-25.2574481329379,27,10270.81022,11,1,5,"U",2,209,4430,0,0,0,0,0,45499689.2746
"6677",94.7466666666667,-7.46514994394754,27,10460.34694,1,1,NA,"U",2,88,3553,0,0,0,0,0,37165612.67782
"6684",350.533333333333,-9.75447408744102,27,13757.85585,16,1,2,"U",2,4833,13145,0,0,0,0,0,180847015.14825
"6758",197.893333333333,-23.7767752295156,27,7136.881787,22,2,4,"U",1,9867,7421,2589,0,0,0,0,52962799.741327
"6810",181.946666666667,-38.7542904546447,27,13757.85585,13,1,2,"U",2,4836,6823,0,0,0,0,0,93869850.46455
"6820",245.253333333333,-31.1854857353464,27,11655.00077,24,5,4,"R",1,4769,9197,1011,0,0,0,10000,107191042.08169
"6826",188.32,-7.621463698277,27,5325.570923,6,5,2,"U",2,4817,7062,0,0,0,0,0,37609181.858226
"6874",219.44,48.6267371493691,27,7025.050976,19,1,2,"U",2,9774,8229,656,0,0,0,0,57809144.481504
"6911",201.12,39.7646105647593,27,9131.565951,16,2,2,"U",1,4815,7542,202,0,0,0,0,68870270.402442
"6938",200.826666666667,37.5977662298895,27,9918.820526,16,2,2,"U",2,4948,7531,355,0,0,0,0,74698637.381306
"6970",263.6,39.3318487584831,27,12789.88281,23,2,3,"U",1,5134,9885,675,0,0,0,10000,126427991.57685
"7004",800,16.5264954672394,27,8236.298534,11,2,4,"U",1,5141,33819,0,0,0,0,10000,278543380.121346
"7012",530.986666666667,66.0435208047805,27,11654.99928,24,3,3,"U",1,4616,19912,1103,0,0,0,0,232074345.66336
"7016",229.573333333333,-19.3210567714306,27,3815.110532,15,3,3,"U",1,39,8609,0,0,0,0,0,32844286.569988
"7025",148.16,-7.12895880329074,27,8995.312865,24,2,3,"U",1,4602,5556,125,0,0,0,40000,49977958.27794
"7076",619.893333333333,-1.8680117880526,27,9263.264735,1,2,3,"R",1,5698,23246,0,0,0,0,40000,215333852.02981
"7079",188.506666666667,65.1729409112553,27,6276.513659,4,3,2,"U",2,5220,7069,0,0,0,0,0,44368675.055471
"7125",240.693333333333,11.3974029145165,27,8854.896149,9,2,3,"U",1,4857,9026,0,0,337,0,0,79924292.640874
"7153",217.2,21.8845475279719,27,9131.565906,17,2,3,"R",1,5755,8145,918,0,0,0,0,74376604.30437
"7192",584.533333333333,13.3445564611472,27,8236.297817,11,5,3,"R",1,6021,21920,0,0,0,0,0,180539648.14864
"7262",307.173333333333,3.505059155338,27,13676.76073,13,1,3,"U",1,4638,11519,653,0,0,0,0,157542606.84887
"7274",257.04,9.25178922039165,27,10588.35991,9,4,3,"U",1,4610,9639,443,0,0,0,0,102061201.17249
"7333",106.826666666667,-10.288074642014,27,9008.73187,9,3,1,"U",2,16,4006,0,0,0,0,0,36088979.87122
"7348",125.413333333333,23.4268644988243,27,10207.56162,13,1,2,"U",2,5311,4703,61,0,0,0,0,48006162.29886
"7374",369.333333333333,23.5018677461215,27,9550.265714,6,2,3,"U",1,4598,13850,0,0,0,0,0,132271180.1389
"7390",108.666666666667,-48.7624931688558,27,7942.960618,15,2,3,"U",1,4743,4075,493,0,0,0,0,32367564.51835
"7446",308.426666666667,42.1812355168806,27,11535.94649,20,2,3,"R",1,5189,11566,0,0,0,0,40000,133424757.10334
"7472",207.573333333333,-24.6876178563682,27,11386.30304,7,1,1,"U",2,5086,7784,0,0,0,0,0,88630982.86336
"7483",68.24,-7.87895941782383,27,7566.834204,4,3,NA,"U",2,0,2559,0,421,0,0,0,19363528.728036
"7510",157.466666666667,27.7772032389925,27,5211.538743,16,2,3,"U",1,4825,5905,541,0,0,0,10000,30774136.277415
"7523",599.466666666667,23.2569241039888,27,8236.298534,6,2,4,"U",1,4959,22480,0,0,0,15,0,185151991.04432
"7537",485.813333333333,-26.6078165043668,27,7951.518624,24,7,7,"U",2,16,18218,121,332,0,0,0,144860766.292032
"7578",568.8,0.39833078588396,27,8640.830969,7,5,2,"R",3,6188,21330,0,0,0,0,0,184308924.56877
"7594",74.2933333333333,-12.6309518938283,27,12367.40845,17,1,1,"U",1,4773,2786,0,0,0,0,0,34455599.9417
"7633",66.7466666666667,83.4634864323349,27,11925.0351,15,1,2,"U",2,4818,2503,365,0,0,0,0,29848362.8553
"7687",463.866666666667,11.0234534187514,27,7136.883253,23,4,5,"U",1,10094,17395,2148,0,0,0,0,124146084.185935
"7697",330.213333333333,-49.4235817156124,27,13851.28395,23,2,4,"R",1,5216,12383,0,518,0,0,0,171520449.15285
"7703",389.653333333333,17.469863458262,27,9131.566265,18,4,4,"U",1,4805,14612,604,0,0,0,0,133430446.26418
"7750",108.586666666667,-29.7484180373213,27,11636.38794,15,1,1,"U",1,0,4072,0,0,0,0,0,47383371.69168
"7771",278.533333333333,24.0148714399901,27,10270.16157,15,2,2,"U",2,4898,10445,502,0,0,0,0,107271837.59865
"7791",182.4,3.56335536880471,27,7942.959374,22,3,3,"U",1,4855,6840,267,0,0,0,0,54329842.11816
"7831",398.186666666667,8.19398504145393,27,7757.697842,13,2,4,"U",1,6161,14932,0,0,0,0,40000,115837944.176744
"7834",381.68,1.6848818144374,27,14531.59256,17,2,2,"U",1,6092,14313,0,76,0,0,0,207990684.31128
"7875",262.72,-13.4507943998154,27,10651.14449,6,3,1,"U",2,4916,9852,0,0,0,0,0,104935075.51548
"7886",397.013333333333,5.06096208779751,27,8236.297858,11,3,2,"U",1,5031,14888,0,0,0,0,0,122622002.509904
"7897",583.653333333333,-6.04343964656294,27,9401.190296,15,2,3,"U",1,4767,21887,0,0,0,0,0,205763852.008552
"7929",283.893333333333,6.56548768064754,27,13976.01877,7,1,1,"U",2,4556,10646,0,0,0,0,0,148788695.82542
"7960",351.76,13.385289228563,27,21509.20869,24,2,3,"U",1,4138,13191,1175,0,0,0,0,283727971.82979
"7966",227.866666666667,-54.2388603179615,27,17649.62328,9,2,2,"U",2,5205,8545,0,0,0,0,0,150816030.9276
"8004",541.84,-9.92749736660241,27,8236.299166,22,2,3,"U",1,5250,20319,0,0,0,0,20000,167353362.753954
"8014",230.186666666667,-4.29272813734712,27,10469.8995,7,4,2,"R",3,9479,8632,509,0,0,0,0,90376172.484
"8018",192.933333333333,-22.0591142993706,27,10651.14449,13,2,1,"U",2,4553,7235,0,0,0,0,0,77061030.38515
"8066",377.2,-1.51774695000013,27,11655.00162,23,3,6,"U",1,4813,14145,1413,0,0,0,0,164859997.9149
"8084",428.906666666667,14.4457067040561,27,7837.836823,1,5,4,"U",2,4980,16084,0,0,0,0,0,126063767.461132
"8113",800,-25.8849233841472,27,10270.16096,24,10,5,"R",1,6385,77622,53,0,0,0,0,797190434.03712
"8119",246.666666666667,-2.76545597303862,27,8724.987676,24,4,4,"R",1,4975,9250,0,415,0,0,20000,80706136.003
"8176",81.2,-13.4981272142813,27,12563.52116,15,1,1,"U",2,4256,3045,266,0,0,0,0,38255921.9322
"8220",263.626666666667,19.0041022905514,27,10270.16234,7,3,3,"U",1,6581,9886,1117,0,0,0,0,101530824.89324
"8292",275.973333333333,-2.57848832026872,27,7059.118274,22,4,4,"U",1,5045,10349,700,0,0,0,0,73054815.017626
"8326",202.72,0.760124173401725,27,7951.519832,6,4,4,"U",1,44,7602,0,0,0,0,0,60447453.762864
"8345",586.32,4.84021092284432,27,7757.701336,10,5,3,"U",1,6100,21987,0,568,0,0,0,170568579.274632
"8375",503.386666666667,5.10668689432292,27,8010.976489,6,3,3,"U",2,4935,18877,0,0,0,0,0,151223203.182853
"8433",272.746666666667,-53.5634241985465,27,9131.565906,11,2,3,"U",1,6064,10228,749,0,0,0,0,93397656.086568
"8446",662.266666666667,26.9091626787996,27,7951.518624,18,14,7,"U",1,0,24835,0,0,0,0,0,197475965.02704
"8468",144.186666666667,9.37419035013184,27,15692.90828,2,2,2,"U",2,4914,5407,0,0,0,0,0,84851555.06996
"8474",127.6,29.1120532852314,27,12789.88041,17,3,3,"U",1,5361,4785,599,0,0,0,0,61199577.76185
"8482",184.133333333333,-16.5271196301476,27,6731.634831,11,1,5,"U",1,4760,6905,737,0,0,0,0,46481938.508055
"8526",490.266666666667,49.1072217519683,27,8640.829386,8,4,2,"U",1,6597,18385,0,0,0,0,0,158861648.26161
"8562",128.24,-29.1802379265194,27,10460.3464,8,1,2,"U",2,0,4809,0,0,0,0,0,50303805.8376
"8577",652.8,-68.9476646163638,27,12102.54009,16,2,2,"U",1,4077,24480,0,0,0,0,0,296270181.4032
"8589",618.053333333333,-1.4642006584381,27,12739.74094,7,1,2,"U",1,4741,23177,0,0,0,0,0,295268975.76638
"8603",360.133333333333,-3.39576866367285,27,10651.14125,23,4,2,"U",2,4797,13505,0,0,0,0,0,143843662.58125
"8610",282.586666666667,16.9372305912154,27,10588.35969,1,4,3,"U",1,4333,10597,1039,0,0,0,0,112204847.63493
"8625",317.733333333333,-1.22773763538552,27,11636.38922,11,1,NA,"U",2,17,11915,0,0,0,0,0,138647577.5563
"8631",142.24,-64.8357898091569,27,10494.88114,6,2,2,"U",2,6649,5334,0,0,0,0,0,55979696.00076
"8680",296.96,-33.0868661650133,27,9263.26538,6,5,4,"U",1,4983,11136,280,0,0,0,0,103155723.27168
"8692",551.306666666667,-34.157484849205,27,10588.35953,23,4,3,"U",1,4225,20674,1688,0,0,0,0,218903744.92322
"8694",236.426666666667,9.52392846874887,27,7136.883771,18,2,3,"U",2,10725,8866,4501,0,0,0,0,63275611.513686
"8718",242.666666666667,-37.3915622226279,27,11655.0009,24,2,4,"U",1,5691,9100,1142,0,0,0,0,106060508.19
"8724",154.933333333333,17.470507816728,27,10820.04076,8,2,1,"U",2,4659,5810,0,0,0,0,0,62864436.8156
"8744",392.586666666667,66.6052855122381,27,8236.297774,17,3,3,"U",1,4992,14722,25,0,0,0,10000,121254775.828828
"8764",344.373333333333,-36.9522338631922,27,8138.720781,10,2,3,"U",1,4832,12914,0,0,0,0,80000,105103440.165834
"8815",155.04,36.0657485238513,27,10444.76547,12,1,2,"U",1,4438,5814,0,0,381,0,0,60725866.44258
"8882",162.053333333333,19.9847196893907,27,12367.40596,9,1,1,"U",2,4850,6077,0,0,0,0,10000,75156726.01892
"8896",409.2,-1.67564530401732,27,12789.88041,24,3,4,"U",1,5278,15345,773,0,0,0,0,196260714.89145
"8905",800,-31.247447293674,27,9263.265359,8,5,3,"R",1,5652,32623,0,0,0,0,0,302195505.806657
"8980",272.986666666667,-9.62903116871227,27,8724.988281,7,5,2,"U",1,6498,10237,515,0,0,0,80000,89317705.032597
"8987",289.173333333333,2.54158831768537,27,9263.266661,18,2,3,"R",1,5767,10844,0,0,0,0,10000,100450863.671884
"8995",237.68,-22.6255765630585,27,10602.97467,14,1,3,"U",1,5154,8913,556,0,0,0,10000,94504313.23371
"8996",776.346666666667,24.120716193351,27,10270.16067,16,4,5,"U",3,5057,29113,423,0,0,0,0,298995187.58571
"9014",203.2,42.332325251734,27,5211.538743,24,2,3,"U",1,4766,7620,979,0,0,0,0,39711925.22166
"9017",365.36,24.8525262233459,27,9131.565906,14,4,3,"U",1,5913,13701,523,0,0,0,0,125111584.478106
"9051",281.653333333333,-0.396373226073895,27,8138.720462,10,2,1,"R",1,6243,10562,0,533,0,0,0,85961165.519644
"9069",216.133333333333,72.5911144767324,27,11655.0021,23,4,4,"U",1,5727,8105,437,0,0,0,20000,94463792.0205
"9074",216.48,-38.9804427221406,27,10423.07973,24,4,4,"U",1,4767,8118,937,0,0,0,0,84614561.24814
"9080",742.266666666667,10.8713001722767,27,11535.94742,18,4,4,"U",1,5150,27835,0,0,0,0,20000,321103096.4357
"9127",166.08,8.98313736840954,27,11910.02072,6,2,2,"U",2,4822,6228,0,0,0,0,0,74175609.04416
"9133",56.24,31.9013067440578,27,11348.1193,10,1,2,"U",1,5053,2109,368,0,0,0,0,23933183.6037
"9140",278.8,31.2481705263519,27,12367.40469,8,1,2,"U",2,4818,10455,0,0,0,0,10000,129301216.03395
"9151",357.84,22.9692873358964,27,7757.697801,8,2,2,"R",1,4940,13419,0,0,0,0,40000,104100546.791619
"9186",102.026666666667,2.62662509988792,27,10076.10961,16,2,2,"U",2,4415,3826,322,0,0,0,0,38551195.36786
"9250",323.573333333333,11.163440314465,27,15356.88976,23,4,3,"U",1,4954,12134,822,0,0,0,0,186340500.34784
"9289",528.96,-16.4414611116513,27,12789.88005,24,4,3,"U",1,4148,19836,1213,0,0,0,0,253700060.6718
"9306",129.146666666667,1.86979909740941,27,10460.3464,9,1,NA,"U",2,0,4843,0,0,0,0,0,50659457.6152
"9344",412.586666666667,-3.40968008899572,27,10512.33177,17,4,4,"U",2,4771,15472,0,0,0,0,10000,162646797.14544
"9352",199.706666666667,55.6401749611091,27,7136.882777,16,3,4,"U",1,11825,7489,1094,0,0,0,10000,53448115.116953
"9365",310.186666666667,-15.1248850671962,27,11655.0021,18,2,3,"U",1,5605,11632,827,0,0,0,0,135570984.4272
"9382",264.88,-18.6153810015684,27,21979.8455,21,2,2,"U",2,4164,9933,0,0,0,0,10000,218325805.3515
"9402",591.226666666667,8.07361877391871,27,7757.697865,23,2,3,"R",1,4929,22171,0,0,0,0,80000,171995919.364915
"9408",179.386666666667,-13.5041408014838,27,22641.67107,1,1,3,"R",2,6774,6727,466,0,0,0,0,152310521.28789
"9426",561.2,-40.6812775943943,27,12102.54009,13,3,2,"U",1,3984,21045,0,0,0,0,0,254697956.19405
"9579",39.4133333333333,-0.252311846927445,27,11648.75098,9,1,1,"U",2,4628,1478,61,0,0,0,0,17216853.94844
"9581",472.373333333333,21.9259982192338,27,8236.299578,6,4,2,"U",2,4609,17714,0,0,0,0,0,145897810.724692
"9584",156.826666666667,30.7293113974404,27,8236.300068,7,2,3,"U",1,4996,5881,0,0,0,0,0,48437680.699908
"9595",275.866666666667,-61.220825633841,27,7951.522023,8,4,4,"U",1,60,10345,0,0,0,0,0,82258495.327935
"9681",305.733333333333,31.561806518748,27,7136.883623,16,2,4,"U",1,10282,11465,1938,0,0,0,0,81824370.737695
"9721",252.026666666667,-25.4203610468447,27,11654.99991,15,4,3,"U",1,4830,9451,855,0,0,0,20000,110151404.14941
"9769",512.693333333333,37.1352898984722,27,12789.87794,24,2,4,"U",1,5047,19226,2499,0,0,0,0,245898193.27444
"9782",551.866666666667,-29.4159074096476,27,9263.2658,13,2,3,"U",3,4879,20695,0,0,0,0,0,191703285.731
"9792",677.093333333333,3.45923522781578,27,9862.933988,14,3,3,"R",2,5253,25391,0,0,0,0,0,250429756.889308
"9826",638.933333333333,-0.80656755873073,27,10270.16267,10,6,5,"U",1,6706,23960,904,0,0,0,20000,246073097.5732
"9838",104,-9.99574271421848,27,8085.781013,7,3,2,"U",1,10074,3900,881,0,0,0,0,31534545.9507
"9841",199.733333333333,-33.3447803713755,27,10651.14205,13,3,2,"U",2,4995,7490,0,0,0,0,0,79777053.9545
"9843",402.133333333333,-6.48096644989422,27,6051.296023,11,1,3,"U",1,4780,15080,734,0,0,0,0,91253544.02684
"9853",193.6,-16.4894548229529,27,10259.75333,13,1,3,"U",1,4863,7260,864,0,0,0,0,74485809.1758
"9859",601.413333333333,10.2380546447152,27,7837.837941,7,5,2,"U",2,6101,22553,0,0,0,0,0,176766759.083373
"9866",70.88,-74.7724242441251,27,12367.40845,5,1,1,"U",2,4606,2658,61,0,0,0,0,32872571.6601
"9876",311.813333333333,11.6398964036841,27,9563.44727,4,1,3,"U",2,5149,11693,0,0,0,0,0,111825388.92811
"9906",233.546666666667,72.9224162954783,27,10423.07973,24,4,4,"U",1,4815,8758,774,0,0,0,0,91285332.27534
"9917",259.92,24.6105979320989,27,11535.94649,24,4,5,"U",1,4731,9747,471,0,0,0,0,112440870.43803
"9923",384.8,68.6921479276795,27,13687.18462,15,2,2,"R",1,9178,14430,0,0,0,0,20000,197506074.0666
"9927",597.226666666667,4.20868505072055,27,10588.35953,24,2,5,"U",1,4110,22396,971,0,0,0,0,237136900.03388
"9931",324.773333333333,-28.0849836497301,27,8995.312688,19,3,3,"U",1,4358,12179,0,0,500,0,20000,109553913.227152
"9964",522.986666666667,31.008842246987,27,8640.829386,16,2,2,"U",1,6592,19612,0,0,0,0,0,169463945.918232
"9978",260.48,35.1683456182739,27,9088.235752,5,2,3,"U",2,4482,9768,0,0,0,0,0,88773886.825536
"10010",359.6,0.868292126179012,27,9131.567402,17,5,3,"U",1,5081,13485,621,0,0,0,0,123139186.41597
"10024",320.48,-1.77635758555765,27,8854.900234,17,2,3,"R",1,5378,12018,0,455,0,0,80000,106418191.012212
"10031",642.933333333333,-82.2513230194858,27,10512.33254,19,2,3,"R",1,4652,24110,861,0,0,0,0,253452337.5394
"10077",210.853333333333,18.2164032447698,27,10588.35912,24,11,13,"U",1,4261,7907,193,0,0,0,0,83722155.56184
"10087",363.466666666667,6.72823482121449,27,10270.16089,11,5,4,"U",1,5037,13630,620,0,0,0,0,139982292.9307
"10091",224.88,-38.3879507150352,27,7951.518624,15,5,4,"U",1,0,8433,0,0,0,0,0,67055156.556192
"10093",323.28,-29.9524799708686,27,9131.566701,7,5,3,"U",2,5042,12123,705,0,0,0,0,110701983.116223
"10122",784.08,25.7440879874547,27,10423.0762,8,3,2,"U",1,4795,29403,750,0,0,0,0,306469709.5086
"10145",211.12,-5.17698432284549,27,9100.781774,6,1,1,"U",2,4739,7917,0,0,0,0,0,72050889.304758
"10174",300.453333333333,51.8199894235305,27,11535.94649,9,3,3,"U",2,5072,11267,0,0,0,0,80000,129975509.10283
"10176",162.32,37.2378291963578,27,7951.518624,11,2,3,"U",2,3,6087,0,0,0,0,0,48400893.864288
"10212",534.72,-17.9484885137852,27,9263.2658,13,5,4,"U",1,5050,20052,0,0,0,0,0,185747005.8216
"10251",300.16,29.415522894456,27,11925.03703,5,1,1,"U",1,6363,11256,662,0,0,0,0,134228216.80968
"10256",448.693333333333,-1.23547321307184,27,9131.564208,10,7,5,"U",2,4633,16826,826,0,0,0,0,153647699.363808
"10258",95.1733333333333,-34.8011526918895,27,9007.728757,3,1,3,"U",1,7121,3569,0,0,0,0,80000,32148583.933733
"10260",513.093333333333,-5.24860656931676,27,8854.900016,24,5,3,"U",1,4911,19241,0,0,0,0,20000,170377131.207856
"10280",348.24,-69.7998005780411,27,11965.16703,1,1,3,"R",2,4987,13059,0,0,0,0,0,156253116.24477
"10308",232.56,-70.7516173918699,27,9131.566701,14,2,3,"U",3,4992,8721,737,0,0,0,10000,79636393.199421
"10353",361.706666666667,14.3518925842278,27,9263.26538,15,4,3,"U",1,4964,13564,0,0,0,0,0,125646931.61432
"10367",227.413333333333,-36.1508034849171,27,10651.14008,7,4,2,"U",2,4988,8528,0,0,0,0,0,90832922.60224
"10378",567.813333333333,15.6542249113477,27,18770.15615,1,1,2,"R",1,8573,21293,0,0,0,0,20000,399672934.90195
"10409",299.68,-15.2939786264865,27,12746.76129,5,1,2,"U",2,4463,11238,0,0,0,0,10000,143248103.37702
"10430",681.146666666667,20.52093667026,27,9263.265359,17,2,3,"R",1,5670,25543,0,373,0,0,0,236611587.064937
"10440",83.1733333333333,22.0646109429971,27,10270.8133,11,1,2,"U",1,716,3119,0,0,0,0,0,32034666.6827
"10460",432.773333333333,-19.6587947044877,27,11655.0009,24,4,4,"U",1,5710,16229,1090,0,0,0,0,189149009.6061
"10464",203.226666666667,-11.5101368199887,27,11654.99991,23,3,3,"U",1,4763,7621,903,0,0,0,0,88822754.31411
"10496",289.093333333333,-27.6158367489377,27,7757.697865,24,3,3,"R",1,4881,10841,0,0,362,0,40000,84101202.554465
"10501",368.32,-60.4163623657783,27,7951.520726,24,2,4,"U",1,26,13812,0,0,0,0,0,109826404.267512
"10514",390.373333333333,-20.0883279615035,27,9263.263202,12,4,3,"R",2,5128,14639,0,0,0,0,0,135604910.014078
"10541",150.106666666667,-31.7559298964509,27,13757.85901,7,1,NA,"U",1,4853,5629,0,0,0,0,0,77442988.36729
"10562",544.56,50.0826590249652,27,9007.728534,3,1,3,"R",1,4868,20421,0,0,0,0,100000,183946824.392814
"10566",745.12,-21.0604269230075,27,8640.827032,16,2,4,"R",1,5002,27942,0,0,0,0,80000,241441988.928144
"10580",358.346666666667,12.4013032555568,27,10270.16255,22,4,4,"R",1,5240,13438,782,1341,0,0,0,138010444.3469
"10589",402.64,-11.4441341473915,27,7757.697865,18,2,3,"R",1,4982,15099,0,0,734,0,0,117133480.063635
"10595",148.826666666667,-9.31691813612436,27,10602.97416,5,1,2,"U",1,4955,5581,606,0,0,0,0,59175198.78696
"10643",306.32,-6.00123203038521,27,11965.16466,17,1,3,"R",2,5039,11487,0,0,0,0,40000,137443846.44942
"10674",163.893333333333,7.31857740788097,27,6791.608468,24,2,4,"U",1,10019,6146,1917,0,0,0,0,41741225.644328
"10686",159.546666666667,41.6677433152027,27,15305.11455,3,1,1,"U",2,4966,5983,0,0,0,0,0,91570500.35265
"10696",593.68,-1.03593370455677,27,8236.297842,16,2,3,"R",1,4697,22263,0,0,0,0,10000,183364698.856446
"10700",162.933333333333,62.3940394655053,27,12294.50668,5,1,5,"U",1,4228,6110,1474,0,0,0,0,75119435.8148
"10702",237.226666666667,10.2725784866747,27,9088.236104,11,3,2,"U",2,4167,8896,0,0,0,0,0,80848948.381184
"10749",425.706666666667,-3.26992123385141,27,15578.372,11,2,3,"R",1,5947,15964,0,0,0,0,0,248693130.608
"10805",571.706666666667,4.19089731648357,27,10270.16195,18,4,3,"R",1,5758,21439,412,0,0,0,0,220182002.04605
"10883",773.04,-11.0354588292681,27,8236.296285,21,3,4,"U",1,4576,28989,0,0,0,0,0,238761993.005865
"10896",340.8,48.4983755708094,27,8724.987676,17,4,3,"R",1,4998,12780,0,369,0,0,0,111505342.49928
"10908",369.92,-15.8376690184539,27,12789.88041,24,4,3,"U",1,5350,13872,646,0,0,0,0,177421221.04752
"10915",75.2266666666667,25.237078238298,27,12563.52116,10,1,1,"U",2,4118,2821,266,0,0,0,0,35441693.19236
"10920",639.333333333333,-40.7868909759187,27,9263.264747,8,8,4,"R",1,5292,23975,0,0,0,0,80000,222086772.309325
"10972",185.493333333333,18.6367563238918,27,7837.836823,6,3,2,"U",2,5241,6956,0,0,0,0,0,54519992.940788
"11122",412.453333333333,25.0183379036932,27,9263.2658,11,7,4,"U",1,4809,15467,286,0,0,0,0,143274932.1286
"11133",283.413333333333,-80.53136804282,27,11535.94742,17,4,3,"U",2,5208,10628,0,0,0,0,20000,122604049.17976
"11141",411.36,-17.6663909327154,27,10977.85335,11,3,2,"U",2,4153,15426,0,0,0,0,20000,169344365.7771
"11207",318.293333333333,-18.7071768050043,27,13533.0206,6,1,3,"U",1,5653,11936,2041,0,0,0,0,161530133.8816
"11211",800,-33.4921289618714,27,9263.26711,12,2,4,"R",1,5151,32137,0,0,0,0,20000,297693615.11407
"11216",702.24,-17.826083803771,27,11535.94649,14,4,4,"U",1,4784,26334,25,0,0,0,20000,303787614.86766
"11230",130.373333333333,11.5877643831277,27,9008.73187,11,2,NA,"U",2,25,4889,0,0,0,0,0,44043690.11243
"11246",724.64,12.7520025559778,27,9263.264735,16,5,4,"R",1,5716,27174,0,359,0,0,0,251719955.90889
"11248",340.266666666667,18.3587789667338,27,9263.263781,15,2,3,"U",1,4957,12760,0,26,0,0,0,118199245.84556
"11302",698.053333333333,-19.6629964820021,27,9401.190528,22,5,3,"R",1,5382,26177,0,0,0,0,80000,246094964.451456
"11330",154.88,-17.5762837624894,27,13757.85624,10,1,1,"U",2,4819,5808,0,0,0,0,0,79905629.04192
"11384",358,14.3812826879884,27,7837.837941,3,4,2,"U",2,6379,13425,0,0,0,0,0,105222974.357925
"11422",411.946666666667,38.9556268362846,27,10123.97019,9,1,2,"U",2,6172,15448,0,0,0,0,0,156395091.49512
"11478",69.0933333333333,16.3042328645147,27,8085.781013,24,2,2,"U",1,9556,2591,872,0,0,0,0,20950258.604683
"11479",120.24,-17.4323598376645,27,7566.837036,4,3,2,"U",2,15,4509,0,0,0,0,0,34118868.195324
"11545",128.933333333333,-12.3100708742422,27,12367.40649,7,1,NA,"U",2,4893,4835,0,0,0,0,10000,59796410.37915
"11561",729.2,36.7826508392879,27,8724.988281,15,3,4,"R",1,6473,27345,25,0,227,0,10000,238584804.543945
"11564",491.493333333333,-8.25639139504295,27,10977.85335,6,3,2,"U",2,4075,18431,0,0,0,0,20000,202332815.09385
"11572",800,13.1926091982481,27,14891.60475,15,2,3,"R",1,7030,37657,0,0,398,0,80000,560773160.07075
"11596",124.933333333333,-27.1718154160185,27,12367.40531,12,1,2,"U",1,4808,4685,0,0,0,0,0,57941293.87735
"11618",344.08,-29.0334492718074,27,8236.300068,11,2,3,"U",1,4888,12903,0,0,0,0,0,106272979.777404
"11737",192.48,6.823633264907,27,15054.52012,15,1,2,"U",1,4721,7218,724,0,0,0,10000,108663526.22616
"11799",104.186666666667,12.0282125413258,27,9564.511534,9,2,2,"U",1,0,3907,0,0,0,0,0,37368546.563338
"11848",300.506666666667,-54.9548790307387,27,10588.35969,24,2,4,"U",1,4201,11269,913,0,0,0,0,119320225.34661
"11865",447.813333333333,-25.3561846926633,27,9263.26711,15,2,4,"U",1,4880,16793,0,0,0,0,10000,155558044.57823
"11901",251.84,10.4762383622012,27,11655.00099,18,2,3,"U",1,5575,9444,907,0,0,0,0,110069829.34956
"11944",301.28,26.2624479862822,27,11795.05168,1,1,3,"U",3,7006,11298,451,0,0,0,0,133260493.88064
"11979",261.706666666667,-48.5348952460385,27,7136.883623,20,3,3,"U",1,10006,9814,1742,0,0,0,0,70041375.876122
